dataset,seed,configuration,scope,nmae_pct_fs,acc_at_2_pct,acc_at_5_pct,coverage_pct,failures,rows,nmae_change_from_default_pct_fs,weight_denominator,saturated_rows,percent_max_weight_strictly_gt_095,rows_with_missing_or_nonfinite_weights
Industrial-1395,20262020,alpha_0_default_prior,all_conditions,11.812877109853432,13.978494623655912,37.992831541218635,100.0,0,8370,0.22166196437277463,8370,0,0.0,0
Industrial-1395,20262020,alpha_0_default_prior,clean,11.665537300997165,17.132616487455195,45.66308243727599,100.0,0,1395,0.02191937556296253,1395,0,0.0,0
Industrial-1395,20262020,alpha_0_default_prior,blur_moderate,11.575679027310159,17.491039426523297,45.59139784946237,100.0,0,1395,0.022676584530476163,1395,0,0.0,0
Industrial-1395,20262020,alpha_0_default_prior,blur_severe,11.642468347170947,17.562724014336915,44.229390681003586,100.0,0,1395,0.02577463409593328,1395,0,0.0,0
Industrial-1395,20262020,alpha_0_default_prior,perspective_moderate,10.825780058843366,13.906810035842293,39.6415770609319,100.0,0,1395,0.006141177014118426,1395,0,0.0,0
Industrial-1395,20262020,alpha_0_default_prior,perspective_severe,12.368024421186858,9.032258064516128,26.810035842293907,100.0,0,1395,0.5968363653192821,1395,0,0.0,0
Industrial-1395,20262020,alpha_0_default_prior,combined_severe,12.79977350361209,8.745519713261649,26.021505376344084,100.0,0,1395,0.6566236497138682,1395,0,0.0,0
Industrial-1395,20262020,alpha_0_default_prior,perspective_pair,11.596902240015112,11.469534050179211,33.225806451612904,100.0,0,2790,0.30148877116670114,2790,0,0.0,0
Industrial-1395,20262020,alpha_0_default_prior,projective_three,11.997859327880771,10.561529271206691,30.824372759856633,100.0,0,4185,0.41986706401575624,4185,0,0.0,0
Industrial-1395,20262020,alpha_10_default_prior,all_conditions,11.706033297966407,14.050179211469535,39.60573476702509,100.0,0,8370,0.11481815248574989,8370,0,0.0,0
Industrial-1395,20262020,alpha_10_default_prior,clean,11.663602889932895,17.132616487455195,45.73476702508961,100.0,0,1395,0.019984964498691582,1395,0,0.0,0
Industrial-1395,20262020,alpha_10_default_prior,blur_moderate,11.573601299688182,17.491039426523297,45.59139784946237,100.0,0,1395,0.020598856908499386,1395,0,0.0,0
Industrial-1395,20262020,alpha_10_default_prior,blur_severe,11.639529930781684,17.634408602150536,44.157706093189965,100.0,0,1395,0.022836217706670325,1395,0,0.0,0
Industrial-1395,20262020,alpha_10_default_prior,perspective_moderate,10.842602680670533,13.763440860215054,41.29032258064516,100.0,0,1395,0.02296379884128541,1395,0,0.0,0
Industrial-1395,20262020,alpha_10_default_prior,perspective_severe,12.076926125626624,9.60573476702509,31.11111111111111,100.0,0,1395,0.30573806975904816,1395,0,0.0,0
Industrial-1395,20262020,alpha_10_default_prior,combined_severe,12.439936861098523,8.67383512544803,29.749103942652326,100.0,0,1395,0.29678700720030093,1395,0,0.0,0
Industrial-1395,20262020,alpha_10_default_prior,perspective_pair,11.45976440314858,11.684587813620071,36.200716845878134,100.0,0,2790,0.16435093430016856,2790,0,0.0,0
Industrial-1395,20262020,alpha_10_default_prior,projective_three,11.786488555798561,10.68100358422939,34.05017921146953,100.0,0,4185,0.20849629193354602,4185,0,0.0,0
Industrial-1395,20262020,alpha_25_default_prior,all_conditions,11.643842163778654,14.778972520908004,41.52927120669056,100.0,0,8370,0.0526270182979971,8370,0,0.0,0
Industrial-1395,20262020,alpha_25_default_prior,clean,11.660272780455108,17.20430107526882,45.878136200716845,100.0,0,1395,0.01665485502090469,1395,0,0.0,0
Industrial-1395,20262020,alpha_25_default_prior,blur_moderate,11.570044044316738,17.491039426523297,45.66308243727599,100.0,0,1395,0.017041601537055584,1395,0,0.0,0
Industrial-1395,20262020,alpha_25_default_prior,blur_severe,11.635008096107624,17.562724014336915,44.3010752688172,100.0,0,1395,0.018314383032610237,1395,0,0.0,0
Industrial-1395,20262020,alpha_25_default_prior,perspective_moderate,10.847032573720174,14.336917562724013,42.795698924731184,100.0,0,1395,0.027393691890926775,1395,0,0.0,0
Industrial-1395,20262020,alpha_25_default_prior,perspective_severe,11.902118243038865,11.54121863799283,36.48745519713262,100.0,0,1395,0.13093018717128935,1395,0,0.0,0
Industrial-1395,20262020,alpha_25_default_prior,combined_severe,12.248577245033413,10.53763440860215,34.05017921146953,100.0,0,1395,0.10542739113519062,1395,0,0.0,0
Industrial-1395,20262020,alpha_25_default_prior,perspective_pair,11.374575408379522,12.939068100358423,39.6415770609319,100.0,0,2790,0.07916193953111161,2790,0,0.0,0
Industrial-1395,20262020,alpha_25_default_prior,projective_three,11.665909353930818,12.138590203106332,37.77777777777778,100.0,0,4185,0.08791709006580284,4185,0,0.0,0
Industrial-1395,20262020,alpha_50_default_prior,all_conditions,11.612311427036575,15.567502986857825,42.48506571087216,100.0,0,8370,0.02109628155591814,8370,1,0.011947431302270013,0
Industrial-1395,20262020,alpha_50_default_prior,clean,11.654185749106155,17.34767025089606,45.878136200716845,100.0,0,1395,0.01056782367195197,1395,0,0.0,0
Industrial-1395,20262020,alpha_50_default_prior,blur_moderate,11.563665136717251,17.562724014336915,45.73476702508961,100.0,0,1395,0.01066269393756869,1395,0,0.0,0
Industrial-1395,20262020,alpha_50_default_prior,blur_severe,11.6276649126925,17.634408602150536,44.44444444444444,100.0,0,1395,0.010971199617486604,1395,0,0.0,0
Industrial-1395,20262020,alpha_50_default_prior,perspective_moderate,10.837366809753995,14.838709677419354,43.87096774193549,100.0,0,1395,0.017727927924747533,1395,0,0.0,0
Industrial-1395,20262020,alpha_50_default_prior,perspective_severe,11.818646797045371,13.835125448028673,39.06810035842294,100.0,0,1395,0.04745874117779536,1395,0,0.0,0
Industrial-1395,20262020,alpha_50_default_prior,combined_severe,12.172339156904172,12.186379928315413,35.913978494623656,100.0,0,1395,0.029189303005949796,1395,1,0.07168458781362007,0
Industrial-1395,20262020,alpha_50_default_prior,perspective_pair,11.328006803399683,14.336917562724013,41.46953405017921,100.0,0,2790,0.032593334551272335,2790,0,0.0,0
Industrial-1395,20262020,alpha_50_default_prior,projective_three,11.609450921234513,13.620071684587815,39.61768219832736,100.0,0,4185,0.031458657369498155,4185,1,0.023894862604540025,0
Industrial-1395,20262020,alpha_100_default_prior,all_conditions,11.591215145480657,15.806451612903224,42.89127837514934,100.0,0,8370,0.0,8370,175,2.090800477897252,0
Industrial-1395,20262020,alpha_100_default_prior,clean,11.643617925434203,17.491039426523297,45.94982078853047,100.0,0,1395,0.0,1395,5,0.35842293906810035,0
Industrial-1395,20262020,alpha_100_default_prior,blur_moderate,11.553002442779682,17.77777777777778,45.878136200716845,100.0,0,1395,0.0,1395,3,0.21505376344086022,0
Industrial-1395,20262020,alpha_100_default_prior,blur_severe,11.616693713075014,17.562724014336915,44.37275985663082,100.0,0,1395,0.0,1395,4,0.2867383512544803,0
Industrial-1395,20262020,alpha_100_default_prior,perspective_moderate,10.819638881829247,14.767025089605735,44.659498207885306,100.0,0,1395,0.0,1395,24,1.7204301075268817,0
Industrial-1395,20262020,alpha_100_default_prior,perspective_severe,11.771188055867576,14.551971326164875,40.07168458781362,100.0,0,1395,0.0,1395,76,5.448028673835125,0
Industrial-1395,20262020,alpha_100_default_prior,combined_severe,12.143149853898223,12.688172043010754,36.415770609319,100.0,0,1395,0.0,1395,63,4.516129032258065,0
Industrial-1395,20262020,alpha_100_default_prior,perspective_pair,11.29541346884841,14.659498207885305,42.365591397849464,100.0,0,2790,0.0,2790,100,3.5842293906810037,0
Industrial-1395,20262020,alpha_100_default_prior,projective_three,11.577992263865015,14.002389486260455,40.38231780167264,100.0,0,4185,0.0,4185,163,3.894862604540024,0
Industrial-1395,20262020,alpha_200_default_prior,all_conditions,11.57757769665574,16.093189964157705,43.106332138590204,100.0,0,8370,-0.01363744882491602,8370,1155,13.799283154121865,0
Industrial-1395,20262020,alpha_200_default_prior,clean,11.632927536173073,17.491039426523297,45.94982078853047,100.0,0,1395,-0.010690389261130306,1395,66,4.731182795698925,0
Industrial-1395,20262020,alpha_200_default_prior,blur_moderate,11.543651241338772,17.99283154121864,45.73476702508961,100.0,0,1395,-0.009351201440910728,1395,72,5.161290322580645,0
Industrial-1395,20262020,alpha_200_default_prior,blur_severe,11.608824520752172,17.8494623655914,44.516129032258064,100.0,0,1395,-0.007869192322841556,1395,78,5.591397849462366,0
Industrial-1395,20262020,alpha_200_default_prior,perspective_moderate,10.812198748101293,14.695340501792115,45.376344086021504,100.0,0,1395,-0.007440133727953935,1395,181,12.974910394265233,0
Industrial-1395,20262020,alpha_200_default_prior,perspective_severe,11.744028847509174,15.125448028673835,40.50179211469534,100.0,0,1395,-0.0271592083584018,1395,394,28.24372759856631,0
Industrial-1395,20262020,alpha_200_default_prior,combined_severe,12.123835286059958,13.405017921146953,36.55913978494624,100.0,0,1395,-0.019314567838264907,1395,364,26.093189964157705,0
Industrial-1395,20262020,alpha_200_default_prior,perspective_pair,11.278113797805233,14.910394265232977,42.939068100358426,100.0,0,2790,-0.017299671043177867,2790,575,20.60931899641577,0
Industrial-1395,20262020,alpha_200_default_prior,projective_three,11.560020960556809,14.408602150537634,40.812425328554355,100.0,0,4185,-0.017971303308206288,4185,939,22.43727598566308,0
Industrial-1395,20262020,alpha_100_uniform_prior,all_conditions,11.597225642963608,15.854241338112306,42.78375149342891,100.0,0,8370,0.006010497482950683,8370,175,2.090800477897252,0
Industrial-1395,20262020,alpha_100_uniform_prior,clean,11.650702773319423,17.491039426523297,45.73476702508961,100.0,0,1395,0.007084847885220569,1395,9,0.6451612903225806,0
Industrial-1395,20262020,alpha_100_uniform_prior,blur_moderate,11.561167989676216,17.706093189964157,45.51971326164875,100.0,0,1395,0.008165546896533371,1395,7,0.5017921146953405,0
Industrial-1395,20262020,alpha_100_uniform_prior,blur_severe,11.623950728268463,17.8494623655914,44.3010752688172,100.0,0,1395,0.007257015193449234,1395,6,0.43010752688172044,0
Industrial-1395,20262020,alpha_100_uniform_prior,perspective_moderate,10.849056322110846,14.695340501792115,44.3010752688172,100.0,0,1395,0.029417440281598317,1395,22,1.5770609318996416,0
Industrial-1395,20262020,alpha_100_uniform_prior,perspective_severe,11.76677211406437,14.623655913978496,40.28673835125448,100.0,0,1395,-0.004415941803205925,1395,67,4.802867383512544,0
Industrial-1395,20262020,alpha_100_uniform_prior,combined_severe,12.131703930342328,12.759856630824373,36.55913978494624,100.0,0,1395,-0.011445923555895021,1395,64,4.587813620071684,0
Industrial-1395,20262020,alpha_100_uniform_prior,perspective_pair,11.30791421808761,14.659498207885305,42.29390681003584,100.0,0,2790,0.012500749239199749,2790,89,3.1899641577060933,0
Industrial-1395,20262020,alpha_100_uniform_prior,projective_three,11.582510788839182,14.026284348864996,40.38231780167264,100.0,0,4185,0.0045185249741663824,4185,153,3.6559139784946235,0
RF100-VL,20262020,alpha_0_default_prior,all_conditions,6.080871479262389,40.507726269315675,68.76379690949227,100.0,0,906,0.1396650592674824,906,0,0.0,0
RF100-VL,20262020,alpha_0_default_prior,clean,6.599131669452592,44.370860927152314,70.86092715231787,100.0,0,151,-0.007947435022782834,151,0,0.0,0
RF100-VL,20262020,alpha_0_default_prior,blur_moderate,6.388697794195745,47.019867549668874,72.84768211920529,100.0,0,151,-0.00893639857716444,151,0,0.0,0
RF100-VL,20262020,alpha_0_default_prior,blur_severe,5.909116902263189,49.00662251655629,71.52317880794702,100.0,0,151,-0.005218231785820926,151,0,0.0,0
RF100-VL,20262020,alpha_0_default_prior,perspective_moderate,5.642322490271528,41.72185430463576,67.54966887417218,100.0,0,151,0.09854616558556373,151,0,0.0,0
RF100-VL,20262020,alpha_0_default_prior,perspective_severe,6.231142611066122,31.788079470198678,63.576158940397356,100.0,0,151,0.4174688774600579,151,0,0.0,0
RF100-VL,20262020,alpha_0_default_prior,combined_severe,5.714817408325158,29.13907284768212,66.22516556291392,100.0,0,151,0.34407737794504545,151,0,0.0,0
RF100-VL,20262020,alpha_0_default_prior,perspective_pair,5.936732550668825,36.75496688741722,65.56291390728477,100.0,0,302,0.2580075215228108,302,0,0.0,0
RF100-VL,20262020,alpha_0_default_prior,projective_three,5.86276083655427,34.216335540838855,65.78366445916114,100.0,0,453,0.2866974736635548,453,0,0.0,0
RF100-VL,20262020,alpha_10_default_prior,all_conditions,5.994888756429677,40.94922737306843,69.86754966887418,100.0,0,906,0.05368233643477005,906,0,0.0,0
RF100-VL,20262020,alpha_10_default_prior,clean,6.59949743004937,44.370860927152314,70.86092715231787,100.0,0,151,-0.007581674426004881,151,0,0.0,0
RF100-VL,20262020,alpha_10_default_prior,blur_moderate,6.388994626436912,47.019867549668874,72.18543046357617,100.0,0,151,-0.008639566335997273,151,0,0.0,0
RF100-VL,20262020,alpha_10_default_prior,blur_severe,5.909193064096385,49.00662251655629,71.52317880794702,100.0,0,151,-0.00514206995262434,151,0,0.0,0
RF100-VL,20262020,alpha_10_default_prior,perspective_moderate,5.614321615888363,42.384105960264904,67.54966887417218,100.0,0,151,0.07054529120239827,151,0,0.0,0
RF100-VL,20262020,alpha_10_default_prior,perspective_severe,5.956158158026392,33.77483443708609,68.21192052980133,100.0,0,151,0.14248442442032783,151,0,0.0,0
RF100-VL,20262020,alpha_10_default_prior,combined_severe,5.501167644080638,29.13907284768212,68.87417218543047,100.0,0,151,0.13042761370052602,151,0,0.0,0
RF100-VL,20262020,alpha_10_default_prior,perspective_pair,5.7852398869573785,38.079470198675494,67.88079470198676,100.0,0,302,0.10651485781136394,302,0,0.0,0
RF100-VL,20262020,alpha_10_default_prior,projective_three,5.6905491393317975,35.099337748344375,68.21192052980133,100.0,0,453,0.11448577644108227,453,0,0.0,0
RF100-VL,20262020,alpha_25_default_prior,all_conditions,5.94739166694466,42.384105960264904,70.08830022075055,100.0,0,906,0.00618524694975342,906,0,0.0,0
RF100-VL,20262020,alpha_25_default_prior,clean,6.600320771630773,44.370860927152314,70.19867549668875,100.0,0,151,-0.006758332844602144,151,0,0.0,0
RF100-VL,20262020,alpha_25_default_prior,blur_moderate,6.38970170133804,47.019867549668874,72.18543046357617,100.0,0,151,-0.00793249143486996,151,0,0.0,0
RF100-VL,20262020,alpha_25_default_prior,blur_severe,5.909522171290537,49.00662251655629,71.52317880794702,100.0,0,151,-0.004812962758472317,151,0,0.0,0
RF100-VL,20262020,alpha_25_default_prior,perspective_moderate,5.587969584376954,43.04635761589404,68.21192052980133,100.0,0,151,0.04419325969098953,151,0,0.0,0
RF100-VL,20262020,alpha_25_default_prior,perspective_severe,5.803166548327528,37.086092715231786,69.5364238410596,100.0,0,151,-0.010507185278536113,151,0,0.0,0
RF100-VL,20262020,alpha_25_default_prior,combined_severe,5.393669224704122,33.77483443708609,68.87417218543047,100.0,0,151,0.02292919432400975,151,0,0.0,0
RF100-VL,20262020,alpha_25_default_prior,perspective_pair,5.695568066352241,40.06622516556291,68.87417218543047,100.0,0,302,0.016843037206226263,302,0,0.0,0
RF100-VL,20262020,alpha_25_default_prior,projective_three,5.594935119136202,37.969094922737305,68.87417218543047,100.0,0,453,0.018871756245486537,453,0,0.0,0
RF100-VL,20262020,alpha_50_default_prior,all_conditions,5.934778069786953,43.15673289183223,70.08830022075055,100.0,0,906,-0.006428350207953848,906,0,0.0,0
RF100-VL,20262020,alpha_50_default_prior,clean,6.602281032954761,45.6953642384106,70.19867549668875,100.0,0,151,-0.004798071520613512,151,0,0.0,0
RF100-VL,20262020,alpha_50_default_prior,blur_moderate,6.391992820379612,48.34437086092716,71.52317880794702,100.0,0,151,-0.005641372393297317,151,0,0.0,0
RF100-VL,20262020,alpha_50_default_prior,blur_severe,5.91059966067067,49.00662251655629,71.52317880794702,100.0,0,151,-0.003735473378339904,151,0,0.0,0
RF100-VL,20262020,alpha_50_default_prior,perspective_moderate,5.56328058188399,43.70860927152318,68.21192052980133,100.0,0,151,0.019504257198025066,151,0,0.0,0
RF100-VL,20262020,alpha_50_default_prior,perspective_severe,5.770107681056147,37.74834437086093,69.5364238410596,100.0,0,151,-0.04356605254991752,151,0,0.0,0
RF100-VL,20262020,alpha_50_default_prior,combined_severe,5.370406641776533,34.437086092715234,69.5364238410596,100.0,0,151,-0.0003333886035790101,151,0,0.0,0
RF100-VL,20262020,alpha_50_default_prior,perspective_pair,5.666694131470069,40.728476821192054,68.87417218543047,100.0,0,302,-0.01203089767594534,302,0,0.0,0
RF100-VL,20262020,alpha_50_default_prior,projective_three,5.567931634905557,38.63134657836645,69.09492273730685,100.0,0,453,-0.008131727985158044,453,0,0.0,0
RF100-VL,20262020,alpha_100_default_prior,all_conditions,5.941206419994907,44.260485651214125,69.5364238410596,100.0,0,906,0.0,906,8,0.8830022075055187,0
RF100-VL,20262020,alpha_100_default_prior,clean,6.607079104475375,45.6953642384106,69.5364238410596,100.0,0,151,0.0,151,0,0.0,0
RF100-VL,20262020,alpha_100_default_prior,blur_moderate,6.39763419277291,48.34437086092716,70.86092715231787,100.0,0,151,0.0,151,0,0.0,0
RF100-VL,20262020,alpha_100_default_prior,blur_severe,5.91433513404901,48.34437086092716,71.52317880794702,100.0,0,151,0.0,151,0,0.0,0
RF100-VL,20262020,alpha_100_default_prior,perspective_moderate,5.543776324685965,45.033112582781456,67.54966887417218,100.0,0,151,0.0,151,1,0.6622516556291391,0
RF100-VL,20262020,alpha_100_default_prior,perspective_severe,5.813673733606064,40.397350993377486,68.87417218543047,100.0,0,151,0.0,151,3,1.9867549668874172,0
RF100-VL,20262020,alpha_100_default_prior,combined_severe,5.370740030380112,37.74834437086093,68.87417218543047,100.0,0,151,0.0,151,4,2.6490066225165565,0
RF100-VL,20262020,alpha_100_default_prior,perspective_pair,5.6787250291460145,42.71523178807947,68.21192052980133,100.0,0,302,0.0,302,4,1.3245033112582782,0
RF100-VL,20262020,alpha_100_default_prior,projective_three,5.576063362890715,41.05960264900662,68.43267108167771,100.0,0,453,0.0,453,8,1.7660044150110374,0
RF100-VL,20262020,alpha_200_default_prior,all_conditions,5.941079763026302,44.81236203090508,69.6467991169978,100.0,0,906,-0.00012665696860469922,906,102,11.258278145695364,0
RF100-VL,20262020,alpha_200_default_prior,clean,6.614639157139108,45.6953642384106,69.5364238410596,100.0,0,151,0.007560052663733607,151,7,4.635761589403973,0
RF100-VL,20262020,alpha_200_default_prior,blur_moderate,6.4060658779115265,48.34437086092716,70.86092715231787,100.0,0,151,0.008431685138616807,151,11,7.28476821192053,0
RF100-VL,20262020,alpha_200_default_prior,blur_severe,5.922463446738357,48.34437086092716,71.52317880794702,100.0,0,151,0.008128312689347439,151,8,5.298013245033113,0
RF100-VL,20262020,alpha_200_default_prior,perspective_moderate,5.533057631380717,44.370860927152314,67.54966887417218,100.0,0,151,-0.010718693305247662,151,7,4.635761589403973,0
RF100-VL,20262020,alpha_200_default_prior,perspective_severe,5.818608323381329,43.04635761589404,68.87417218543047,100.0,0,151,0.0049345897752646195,151,38,25.165562913907284,0
RF100-VL,20262020,alpha_200_default_prior,combined_severe,5.351644141606771,39.0728476821192,69.5364238410596,100.0,0,151,-0.01909588877334123,151,31,20.52980132450331,0
RF100-VL,20262020,alpha_200_default_prior,perspective_pair,5.675832977381023,43.70860927152318,68.21192052980133,100.0,0,302,-0.002892051764991521,302,45,14.900662251655628,0
RF100-VL,20262020,alpha_200_default_prior,projective_three,5.56777003212294,42.16335540838852,68.65342163355407,100.0,0,453,-0.008293330767775053,453,76,16.777041942604857,0
RF100-VL,20262020,alpha_100_uniform_prior,all_conditions,5.9437244704585295,43.4878587196468,69.6467991169978,100.0,0,906,0.0025180504636228562,906,4,0.44150110375275936,0
RF100-VL,20262020,alpha_100_uniform_prior,clean,6.616379356190265,45.6953642384106,69.5364238410596,100.0,0,151,0.00930025171489035,151,0,0.0,0
RF100-VL,20262020,alpha_100_uniform_prior,blur_moderate,6.406841869449635,48.34437086092716,71.52317880794702,100.0,0,151,0.009207676676725285,151,0,0.0,0
RF100-VL,20262020,alpha_100_uniform_prior,blur_severe,5.922364240530753,47.682119205298015,71.52317880794702,100.0,0,151,0.008029106481743042,151,0,0.0,0
RF100-VL,20262020,alpha_100_uniform_prior,perspective_moderate,5.527303112730595,42.384105960264904,68.21192052980133,100.0,0,151,-0.016473211955369216,151,1,0.6622516556291391,0
RF100-VL,20262020,alpha_100_uniform_prior,perspective_severe,5.811046235964856,39.735099337748345,68.87417218543047,100.0,0,151,-0.0026274976412086204,151,1,0.6622516556291391,0
RF100-VL,20262020,alpha_100_uniform_prior,combined_severe,5.378412007885066,37.086092715231786,68.21192052980133,100.0,0,151,0.007671977504953631,151,2,1.3245033112582782,0
RF100-VL,20262020,alpha_100_uniform_prior,perspective_pair,5.669174674347725,41.05960264900662,68.54304635761589,100.0,0,302,-0.009550354798289362,302,2,0.6622516556291391,0
RF100-VL,20262020,alpha_100_uniform_prior,projective_three,5.572253785526839,39.735099337748345,68.43267108167771,100.0,0,453,-0.0038095773638762154,453,4,0.8830022075055187,0
SyncG,20262020,alpha_0_default_prior,all_conditions,1.0110245752349665,89.4125,97.91666666666666,100.0,0,24000,0.14651514740870675,24000,0,0.0,0
SyncG,20262020,alpha_0_default_prior,clean,0.706402141493086,94.875,99.225,100.0,0,4000,0.024317510093430972,4000,0,0.0,0
SyncG,20262020,alpha_0_default_prior,blur_moderate,0.7050675210805912,94.85,99.25,100.0,0,4000,0.024175175375704905,4000,0,0.0,0
SyncG,20262020,alpha_0_default_prior,blur_severe,0.7277853328803147,94.3,99.225,100.0,0,4000,0.024576426617128333,4000,0,0.0,0
SyncG,20262020,alpha_0_default_prior,perspective_moderate,0.9192222366103753,91.07499999999999,98.85000000000001,100.0,0,4000,0.05221775253033489,4000,0,0.0,0
SyncG,20262020,alpha_0_default_prior,perspective_severe,1.4070002506028787,82.425,96.075,100.0,0,4000,0.3637983289722604,4000,0,0.0,0
SyncG,20262020,alpha_0_default_prior,combined_severe,1.6006699687425525,78.95,94.875,100.0,0,4000,0.39000569086337933,4000,0,0.0,0
SyncG,20262020,alpha_0_default_prior,perspective_pair,1.163111243606627,86.75,97.46249999999999,100.0,0,8000,0.20800804075129786,8000,0,0.0,0
SyncG,20262020,alpha_0_default_prior,projective_three,1.3089641519852686,84.15,96.6,100.0,0,12000,0.2686739241219913,12000,0,0.0,0
SyncG,20262020,alpha_10_default_prior,all_conditions,0.9460005977980626,90.55833333333332,98.37083333333332,100.0,0,24000,0.08149116997180283,24000,0,0.0,0
SyncG,20262020,alpha_10_default_prior,clean,0.703714856680811,94.89999999999999,99.225,100.0,0,4000,0.02163022528115599,4000,0,0.0,0
SyncG,20262020,alpha_10_default_prior,blur_moderate,0.7024065500471345,94.825,99.275,100.0,0,4000,0.021514204342248155,4000,0,0.0,0
SyncG,20262020,alpha_10_default_prior,blur_severe,0.725153541386944,94.325,99.225,100.0,0,4000,0.02194463512375766,4000,0,0.0,0
SyncG,20262020,alpha_10_default_prior,perspective_moderate,0.9011257437695127,91.25,98.875,100.0,0,4000,0.03412125968947233,4000,0,0.0,0
SyncG,20262020,alpha_10_default_prior,perspective_severe,1.2280220094270606,85.6,97.375,100.0,0,4000,0.18482008779644232,4000,0,0.0,0
SyncG,20262020,alpha_10_default_prior,combined_severe,1.4155808854769125,82.45,96.25,100.0,0,4000,0.20491660759773933,4000,0,0.0,0
SyncG,20262020,alpha_10_default_prior,perspective_pair,1.0645738765982866,88.425,98.125,100.0,0,8000,0.10947067374295738,8000,0,0.0,0
SyncG,20262020,alpha_10_default_prior,projective_three,1.181576212891162,86.43333333333332,97.5,100.0,0,12000,0.1412859850278847,12000,0,0.0,0
SyncG,20262020,alpha_25_default_prior,all_conditions,0.9026984288521309,91.41666666666667,98.50833333333333,100.0,0,24000,0.038189001025871194,24000,0,0.0,0
SyncG,20262020,alpha_25_default_prior,clean,0.6996340087253239,94.875,99.225,100.0,0,4000,0.017549377325668858,4000,0,0.0,0
SyncG,20262020,alpha_25_default_prior,blur_moderate,0.6982975539467704,94.875,99.275,100.0,0,4000,0.017405208241884074,4000,0,0.0,0
SyncG,20262020,alpha_25_default_prior,blur_severe,0.7211370574553227,94.45,99.25,100.0,0,4000,0.01792815119213642,4000,0,0.0,0
SyncG,20262020,alpha_25_default_prior,perspective_moderate,0.8861886067192792,91.5,98.85000000000001,100.0,0,4000,0.019184122639238854,4000,0,0.0,0
SyncG,20262020,alpha_25_default_prior,perspective_severe,1.114590090911701,87.825,97.7,100.0,0,4000,0.07138816928108271,4000,0,0.0,0
SyncG,20262020,alpha_25_default_prior,combined_severe,1.2963432553543897,84.975,96.75,100.0,0,4000,0.08567897747521647,4000,0,0.0,0
SyncG,20262020,alpha_25_default_prior,perspective_pair,1.0003893488154902,89.6625,98.275,100.0,0,8000,0.045286145960161006,8000,0,0.0,0
SyncG,20262020,alpha_25_default_prior,projective_three,1.0990406509951234,88.1,97.76666666666667,100.0,0,12000,0.058750423131846086,12000,0,0.0,0
SyncG,20262020,alpha_50_default_prior,all_conditions,0.8789733256451028,91.75,98.55833333333334,100.0,0,24000,0.014463897818843052,24000,0,0.0,0
SyncG,20262020,alpha_50_default_prior,clean,0.6930109016207587,94.975,99.225,100.0,0,4000,0.010926270221103707,4000,0,0.0,0
SyncG,20262020,alpha_50_default_prior,blur_moderate,0.6915940933487813,94.89999999999999,99.275,100.0,0,4000,0.010701747643894977,4000,0,0.0,0
SyncG,20262020,alpha_50_default_prior,blur_severe,0.7144034556926624,94.425,99.225,100.0,0,4000,0.011194549429476064,4000,0,0.0,0
SyncG,20262020,alpha_50_default_prior,perspective_moderate,0.8742576632633564,91.55,98.8,100.0,0,4000,0.0072531791833160275,4000,0,0.0,0
SyncG,20262020,alpha_50_default_prior,perspective_severe,1.0634816743092725,88.625,97.875,100.0,0,4000,0.020279752678654228,4000,0,0.0,0
SyncG,20262020,alpha_50_default_prior,combined_severe,1.2370921656357854,86.02499999999999,96.95,100.0,0,4000,0.0264278877566122,4000,0,0.0,0
SyncG,20262020,alpha_50_default_prior,perspective_pair,0.9688696687863145,90.08749999999999,98.3375,100.0,0,8000,0.013766465930985294,8000,0,0.0,0
SyncG,20262020,alpha_50_default_prior,projective_three,1.0582771677361382,88.73333333333333,97.875,100.0,0,12000,0.01798693987286093,12000,0,0.0,0
SyncG,20262020,alpha_100_default_prior,all_conditions,0.8645094278262597,91.91666666666667,98.51666666666667,100.0,0,24000,0.0,24000,39,0.1625,0
SyncG,20262020,alpha_100_default_prior,clean,0.682084631399655,95.25,99.225,100.0,0,4000,0.0,4000,0,0.0,0
SyncG,20262020,alpha_100_default_prior,blur_moderate,0.6808923457048863,95.05,99.25,100.0,0,4000,0.0,4000,0,0.0,0
SyncG,20262020,alpha_100_default_prior,blur_severe,0.7032089062631863,94.475,99.25,100.0,0,4000,0.0,4000,0,0.0,0
SyncG,20262020,alpha_100_default_prior,perspective_moderate,0.8670044840800404,91.4,98.825,100.0,0,4000,0.0,4000,3,0.075,0
SyncG,20262020,alpha_100_default_prior,perspective_severe,1.0432019216306183,88.925,97.8,100.0,0,4000,0.0,4000,13,0.325,0
SyncG,20262020,alpha_100_default_prior,combined_severe,1.2106642778791732,86.4,96.75,100.0,0,4000,0.0,4000,23,0.575,0
SyncG,20262020,alpha_100_default_prior,perspective_pair,0.9551032028553292,90.1625,98.3125,100.0,0,8000,0.0,8000,16,0.2,0
SyncG,20262020,alpha_100_default_prior,projective_three,1.0402902278632773,88.90833333333333,97.79166666666667,100.0,0,12000,0.0,12000,39,0.325,0
SyncG,20262020,alpha_200_default_prior,all_conditions,0.8597370434726865,91.79583333333333,98.51666666666667,100.0,0,24000,-0.004772384353573189,24000,1405,5.854166666666667,0
SyncG,20262020,alpha_200_default_prior,clean,0.6715949998128632,95.19999999999999,99.225,100.0,0,4000,-0.010489631586791837,4000,215,5.375,0
SyncG,20262020,alpha_200_default_prior,blur_moderate,0.6709239863814999,94.95,99.25,100.0,0,4000,-0.009968359323386466,4000,218,5.45,0
SyncG,20262020,alpha_200_default_prior,blur_severe,0.6928422734793765,94.5,99.25,100.0,0,4000,-0.010366632783809782,4000,244,6.1,0
SyncG,20262020,alpha_200_default_prior,perspective_moderate,0.8708148066907624,91.425,98.8,100.0,0,4000,0.0038103226107220056,4000,80,2.0,0
SyncG,20262020,alpha_200_default_prior,perspective_severe,1.0422910152612919,88.375,97.875,100.0,0,4000,-0.0009109063693264474,4000,293,7.325,0
SyncG,20262020,alpha_200_default_prior,combined_severe,1.2099551792103262,86.325,96.7,100.0,0,4000,-0.0007090986688469414,4000,355,8.875,0
SyncG,20262020,alpha_200_default_prior,perspective_pair,0.956552910976027,89.9,98.3375,100.0,0,8000,0.001449708120697779,8000,373,4.6625,0
SyncG,20262020,alpha_200_default_prior,projective_three,1.0410203337207935,88.70833333333333,97.79166666666667,100.0,0,12000,0.0007301058575162056,12000,728,6.066666666666666,0
SyncG,20262020,alpha_100_uniform_prior,all_conditions,0.8639312775149948,91.84583333333333,98.5,100.0,0,24000,-0.0005781503112649578,24000,80,0.3333333333333333,0
SyncG,20262020,alpha_100_uniform_prior,clean,0.6754610350400605,95.275,99.225,100.0,0,4000,-0.00662359635959453,4000,1,0.025,0
SyncG,20262020,alpha_100_uniform_prior,blur_moderate,0.6749191102683552,94.975,99.25,100.0,0,4000,-0.005973235436531166,4000,2,0.05,0
SyncG,20262020,alpha_100_uniform_prior,blur_severe,0.6969755503836416,94.475,99.25,100.0,0,4000,-0.006233355879544766,4000,2,0.05,0
SyncG,20262020,alpha_100_uniform_prior,perspective_moderate,0.8740275719599492,91.325,98.75,100.0,0,4000,0.007023087879908796,4000,2,0.05,0
SyncG,20262020,alpha_100_uniform_prior,perspective_severe,1.0472555747836914,88.64999999999999,97.8,100.0,0,4000,0.004053653153073045,4000,31,0.775,0
SyncG,20262020,alpha_100_uniform_prior,combined_severe,1.2149488226542704,86.375,96.72500000000001,100.0,0,4000,0.00428454477509721,4000,42,1.05,0
SyncG,20262020,alpha_100_uniform_prior,perspective_pair,0.9606415733718204,89.9875,98.275,100.0,0,8000,0.005538370516491198,8000,33,0.4125,0
SyncG,20262020,alpha_100_uniform_prior,projective_three,1.0454106564659704,88.78333333333333,97.75833333333334,100.0,0,12000,0.005120428602693128,12000,75,0.625,0
Industrial-1395,20262021,alpha_0_default_prior,all_conditions,10.539205909082048,14.516129032258066,41.48148148148148,100.0,0,8370,0.551831830468716,8370,0,0.0,0
Industrial-1395,20262021,alpha_0_default_prior,clean,9.837172932124018,15.913978494623656,48.028673835125446,100.0,0,1395,-0.0020451123724054554,1395,0,0.0,0
Industrial-1395,20262021,alpha_0_default_prior,blur_moderate,9.880707631934715,15.913978494623656,46.88172043010753,100.0,0,1395,-0.0021082328735282374,1395,0,0.0,0
Industrial-1395,20262021,alpha_0_default_prior,blur_severe,9.91930923434711,15.268817204301074,44.80286738351255,100.0,0,1395,-9.731235363119595e-05,1395,0,0.0,0
Industrial-1395,20262021,alpha_0_default_prior,perspective_moderate,9.054788244529366,18.064516129032256,46.738351254480285,100.0,0,1395,0.03849362630891129,1395,0,0.0,0
Industrial-1395,20262021,alpha_0_default_prior,perspective_severe,12.104309825958817,11.54121863799283,32.68817204301075,100.0,0,1395,1.4559246916848192,1395,0,0.0,0
Industrial-1395,20262021,alpha_0_default_prior,combined_severe,12.438947585598257,10.39426523297491,29.749103942652326,100.0,0,1395,1.8208233224181267,1395,0,0.0,0
Industrial-1395,20262021,alpha_0_default_prior,perspective_pair,10.57954903524409,14.802867383512543,39.713261648745515,100.0,0,2790,0.7472091589968652,2790,0,0.0,0
Industrial-1395,20262021,alpha_0_default_prior,projective_three,11.199348552028814,13.333333333333334,36.39187574671446,100.0,0,4185,1.105080546803956,4185,0,0.0,0
Industrial-1395,20262021,alpha_10_default_prior,all_conditions,10.2183169630304,14.994026284348866,42.72401433691756,100.0,0,8370,0.23094288441706823,8370,0,0.0,0
Industrial-1395,20262021,alpha_10_default_prior,clean,9.837085215690921,15.913978494623656,48.028673835125446,100.0,0,1395,-0.0021328288055020295,1395,0,0.0,0
Industrial-1395,20262021,alpha_10_default_prior,blur_moderate,9.880597200644166,15.985663082437277,47.02508960573476,100.0,0,1395,-0.002218664164077566,1395,0,0.0,0
Industrial-1395,20262021,alpha_10_default_prior,blur_severe,9.918918929540485,15.268817204301074,44.80286738351255,100.0,0,1395,-0.00048761716025680357,1395,0,0.0,0
Industrial-1395,20262021,alpha_10_default_prior,perspective_moderate,9.021135054294069,17.419354838709676,46.81003584229391,100.0,0,1395,0.004840436073614285,1395,0,0.0,0
Industrial-1395,20262021,alpha_10_default_prior,perspective_severe,11.253137835243553,13.548387096774196,36.48745519713262,100.0,0,1395,0.6047527009695557,1395,0,0.0,0
Industrial-1395,20262021,alpha_10_default_prior,combined_severe,11.399027542769199,11.827956989247312,33.18996415770609,100.0,0,1395,0.7809032795890687,1395,0,0.0,0
Industrial-1395,20262021,alpha_10_default_prior,perspective_pair,10.137136444768814,15.483870967741936,41.64874551971326,100.0,0,2790,0.30479656852158854,2790,0,0.0,0
Industrial-1395,20262021,alpha_10_default_prior,projective_three,10.557766810768939,14.265232974910393,38.82915173237754,100.0,0,4185,0.46349880554408074,4185,0,0.0,0
Industrial-1395,20262021,alpha_25_default_prior,all_conditions,10.042457855241182,15.304659498207885,43.966547192353644,100.0,0,8370,0.0550837766278498,8370,0,0.0,0
Industrial-1395,20262021,alpha_25_default_prior,clean,9.83709933447439,15.842293906810037,48.10035842293907,100.0,0,1395,-0.0021187100220334543,1395,0,0.0,0
Industrial-1395,20262021,alpha_25_default_prior,blur_moderate,9.88059107063652,15.985663082437277,47.02508960573476,100.0,0,1395,-0.0022247941717239428,1395,0,0.0,0
Industrial-1395,20262021,alpha_25_default_prior,blur_severe,9.918525098446164,15.268817204301074,44.659498207885306,100.0,0,1395,-0.0008814482545780322,1395,0,0.0,0
Industrial-1395,20262021,alpha_25_default_prior,perspective_moderate,9.010010552631877,17.34767025089606,46.59498207885305,100.0,0,1395,-0.006284065588577192,1395,0,0.0,0
Industrial-1395,20262021,alpha_25_default_prior,perspective_severe,10.803041058983498,14.480286738351255,40.215053763440864,100.0,0,1395,0.15465592470950007,1395,0,0.0,0
Industrial-1395,20262021,alpha_25_default_prior,combined_severe,10.805480016274656,12.903225806451612,37.204301075268816,100.0,0,1395,0.18735575309452557,1395,0,0.0,0
Industrial-1395,20262021,alpha_25_default_prior,perspective_pair,9.906525805807686,15.913978494623656,43.40501792114696,100.0,0,2790,0.07418592956046055,2790,0,0.0,0
Industrial-1395,20262021,alpha_25_default_prior,projective_three,10.206177209296676,14.910394265232977,41.33811230585424,100.0,0,4185,0.11190920407181792,4185,0,0.0,0
Industrial-1395,20262021,alpha_50_default_prior,all_conditions,9.986051592455828,15.615292712066905,44.52807646356033,100.0,0,8370,-0.0013224861575036329,8370,0,0.0,0
Industrial-1395,20262021,alpha_50_default_prior,clean,9.837480687402554,15.913978494623656,48.10035842293907,100.0,0,1395,-0.0017373570938694627,1395,0,0.0,0
Industrial-1395,20262021,alpha_50_default_prior,blur_moderate,9.880967615035273,15.985663082437277,46.95340501792115,100.0,0,1395,-0.0018482497729710445,1395,0,0.0,0
Industrial-1395,20262021,alpha_50_default_prior,blur_severe,9.918349567040035,15.197132616487455,44.587813620071685,100.0,0,1395,-0.001056979660706503,1395,0,0.0,0
Industrial-1395,20262021,alpha_50_default_prior,perspective_moderate,9.00863379966757,17.34767025089606,46.59498207885305,100.0,0,1395,-0.007660818552885473,1395,0,0.0,0
Industrial-1395,20262021,alpha_50_default_prior,perspective_severe,10.654290782082178,15.340501792114694,42.43727598566308,100.0,0,1395,0.005905647808180703,1395,0,0.0,0
Industrial-1395,20262021,alpha_50_default_prior,combined_severe,10.616587103507353,13.906810035842293,38.494623655913976,100.0,0,1395,-0.001537159672777122,1395,0,0.0,0
Industrial-1395,20262021,alpha_50_default_prior,perspective_pair,9.831462290874873,16.344086021505376,44.516129032258064,100.0,0,2790,-0.0008775853723523852,2790,0,0.0,0
Industrial-1395,20262021,alpha_50_default_prior,projective_three,10.093170561752366,15.531660692951016,42.5089605734767,100.0,0,4185,-0.0010974434724921878,4185,0,0.0,0
Industrial-1395,20262021,alpha_100_default_prior,all_conditions,9.987374078613332,15.591397849462366,44.91039426523297,100.0,0,8370,0.0,8370,120,1.4336917562724014,0
Industrial-1395,20262021,alpha_100_default_prior,clean,9.839218044496423,16.129032258064516,48.24372759856631,100.0,0,1395,0.0,1395,0,0.0,0
Industrial-1395,20262021,alpha_100_default_prior,blur_moderate,9.882815864808244,15.985663082437277,46.88172043010753,100.0,0,1395,0.0,1395,0,0.0,0
Industrial-1395,20262021,alpha_100_default_prior,blur_severe,9.919406546700742,15.053763440860216,44.659498207885306,100.0,0,1395,0.0,1395,0,0.0,0
Industrial-1395,20262021,alpha_100_default_prior,perspective_moderate,9.016294618220455,17.20430107526882,46.738351254480285,100.0,0,1395,0.0,1395,16,1.146953405017921,0
Industrial-1395,20262021,alpha_100_default_prior,perspective_severe,10.648385134273997,15.268817204301074,43.44086021505376,100.0,0,1395,0.0,1395,53,3.7992831541218637,0
Industrial-1395,20262021,alpha_100_default_prior,combined_severe,10.61812426318013,13.906810035842293,39.49820788530466,100.0,0,1395,0.0,1395,51,3.6559139784946235,0
Industrial-1395,20262021,alpha_100_default_prior,perspective_pair,9.832339876247225,16.236559139784944,45.08960573476703,100.0,0,2790,0.0,2790,69,2.4731182795698925,0
Industrial-1395,20262021,alpha_100_default_prior,projective_three,10.094268005224858,15.459976105137397,43.225806451612904,100.0,0,4185,0.0,4185,120,2.867383512544803,0
Industrial-1395,20262021,alpha_200_default_prior,all_conditions,10.003079889832813,15.471923536439666,44.92234169653525,100.0,0,8370,0.015705811219481447,8370,996,11.899641577060931,0
Industrial-1395,20262021,alpha_200_default_prior,clean,9.843648674049756,15.913978494623656,48.24372759856631,100.0,0,1395,0.004430629553333176,1395,5,0.35842293906810035,0
Industrial-1395,20262021,alpha_200_default_prior,blur_moderate,9.887815627923576,15.842293906810037,46.95340501792115,100.0,0,1395,0.004999763115332456,1395,4,0.2867383512544803,0
Industrial-1395,20262021,alpha_200_default_prior,blur_severe,9.923838585535401,15.053763440860216,44.37275985663082,100.0,0,1395,0.00443203883465948,1395,3,0.21505376344086022,0
Industrial-1395,20262021,alpha_200_default_prior,perspective_moderate,9.031388591449604,17.132616487455195,47.02508960573476,100.0,0,1395,0.015093973229149071,1395,179,12.831541218637993,0
Industrial-1395,20262021,alpha_200_default_prior,perspective_severe,10.6744962855894,15.197132616487455,43.51254480286738,100.0,0,1395,0.02611115131540309,1395,419,30.03584229390681,0
Industrial-1395,20262021,alpha_200_default_prior,combined_severe,10.657291574449129,13.691756272401435,39.42652329749104,100.0,0,1395,0.03916731126899897,1395,386,27.670250896057347,0
Industrial-1395,20262021,alpha_200_default_prior,perspective_pair,9.852942438519504,16.164874551971327,45.26881720430108,100.0,0,2790,0.020602562272278746,2790,598,21.433691756272403,0
Industrial-1395,20262021,alpha_200_default_prior,projective_three,10.121058817162712,15.340501792114694,43.32138590203106,100.0,0,4185,0.02679081193785393,4185,984,23.512544802867385,0
Industrial-1395,20262021,alpha_100_uniform_prior,all_conditions,10.00887858364602,15.663082437275985,44.516129032258064,100.0,0,8370,0.02150450503268786,8370,165,1.971326164874552,0
Industrial-1395,20262021,alpha_100_uniform_prior,clean,9.854402308392125,15.913978494623656,47.81362007168459,100.0,0,1395,0.015184263895701378,1395,0,0.0,0
Industrial-1395,20262021,alpha_100_uniform_prior,blur_moderate,9.898382617446684,15.985663082437277,46.52329749103943,100.0,0,1395,0.015566752638440207,1395,0,0.0,0
Industrial-1395,20262021,alpha_100_uniform_prior,blur_severe,9.935094204775037,15.125448028673835,44.157706093189965,100.0,0,1395,0.015687658074295285,1395,0,0.0,0
Industrial-1395,20262021,alpha_100_uniform_prior,perspective_moderate,9.038282884067568,17.34767025089606,46.236559139784944,100.0,0,1395,0.021988265847113553,1395,20,1.4336917562724014,0
Industrial-1395,20262021,alpha_100_uniform_prior,perspective_severe,10.68014799289521,15.483870967741936,42.939068100358426,100.0,0,1395,0.031762858621211976,1395,71,5.089605734767025,0
Industrial-1395,20262021,alpha_100_uniform_prior,combined_severe,10.646961494299495,14.121863799283155,39.42652329749104,100.0,0,1395,0.02883723111936476,1395,74,5.304659498207886,0
Industrial-1395,20262021,alpha_100_uniform_prior,perspective_pair,9.85921543848139,16.415770609318997,44.587813620071685,100.0,0,2790,0.02687556223416543,2790,91,3.261648745519713,0
Industrial-1395,20262021,alpha_100_uniform_prior,projective_three,10.121797457087425,15.651135005973716,42.867383512544805,100.0,0,4185,0.02752945186256639,4185,165,3.942652329749104,0
RF100-VL,20262021,alpha_0_default_prior,all_conditions,7.2740928492266415,40.06622516556291,69.86754966887418,100.0,0,906,0.3662934392279711,906,0,0.0,0
RF100-VL,20262021,alpha_0_default_prior,clean,7.450236501124105,46.35761589403973,73.50993377483444,100.0,0,151,0.005861210161881125,151,0,0.0,0
RF100-VL,20262021,alpha_0_default_prior,blur_moderate,7.22752330922092,46.35761589403973,73.50993377483444,100.0,0,151,0.004946885766178966,151,0,0.0,0
RF100-VL,20262021,alpha_0_default_prior,blur_severe,6.974164225607173,49.00662251655629,76.82119205298014,100.0,0,151,0.004904412522616752,151,0,0.0,0
RF100-VL,20262021,alpha_0_default_prior,perspective_moderate,6.775746715284859,36.423841059602644,71.52317880794702,100.0,0,151,-0.0912283191479979,151,0,0.0,0
RF100-VL,20262021,alpha_0_default_prior,perspective_severe,8.024751570752606,31.788079470198678,60.9271523178808,100.0,0,151,1.0595093877904214,151,0,0.0,0
RF100-VL,20262021,alpha_0_default_prior,combined_severe,7.192134773370188,30.4635761589404,62.913907284768214,100.0,0,151,1.2137670582747342,151,0,0.0,0
RF100-VL,20262021,alpha_0_default_prior,perspective_pair,7.400249143018731,34.105960264900666,66.22516556291392,100.0,0,302,0.4841405343212095,302,0,0.0,0
RF100-VL,20262021,alpha_0_default_prior,projective_three,7.330877686469217,32.89183222958057,65.12141280353201,100.0,0,453,0.7273493756390508,453,0,0.0,0
RF100-VL,20262021,alpha_10_default_prior,all_conditions,7.041542555295814,41.16997792494481,71.8543046357616,100.0,0,906,0.13374314529714404,906,0,0.0,0
RF100-VL,20262021,alpha_10_default_prior,clean,7.449515693224009,46.35761589403973,73.50993377483444,100.0,0,151,0.005140402261784693,151,0,0.0,0
RF100-VL,20262021,alpha_10_default_prior,blur_moderate,7.2268911730982435,46.35761589403973,73.50993377483444,100.0,0,151,0.004314749643502758,151,0,0.0,0
RF100-VL,20262021,alpha_10_default_prior,blur_severe,6.97354121027803,49.00662251655629,76.82119205298014,100.0,0,151,0.004281397193473424,151,0,0.0,0
RF100-VL,20262021,alpha_10_default_prior,perspective_moderate,6.782654395069001,37.086092715231786,72.18543046357617,100.0,0,151,-0.08432063936385603,151,0,0.0,0
RF100-VL,20262021,alpha_10_default_prior,perspective_severe,7.36903783961216,34.437086092715234,64.90066225165563,100.0,0,151,0.40379565664997497,151,0,0.0,0
RF100-VL,20262021,alpha_10_default_prior,combined_severe,6.4476150204934415,33.77483443708609,70.19867549668875,100.0,0,151,0.469247305397988,151,0,0.0,0
RF100-VL,20262021,alpha_10_default_prior,perspective_pair,7.07584611734058,35.76158940397351,68.54304635761589,100.0,0,302,0.15973750864305902,302,0,0.0,0
RF100-VL,20262021,alpha_10_default_prior,projective_three,6.866435751724867,35.099337748344375,69.09492273730685,100.0,0,453,0.2629074408947014,453,0,0.0,0
RF100-VL,20262021,alpha_25_default_prior,all_conditions,6.931870074887208,42.05298013245033,73.06843267108167,100.0,0,906,0.02407066488853804,906,0,0.0,0
RF100-VL,20262021,alpha_25_default_prior,clean,7.448494856364264,47.019867549668874,73.50993377483444,100.0,0,151,0.00411956540204006,151,0,0.0,0
RF100-VL,20262021,alpha_25_default_prior,blur_moderate,7.22600692610431,46.35761589403973,73.50993377483444,100.0,0,151,0.0034305026495689006,151,0,0.0,0
RF100-VL,20262021,alpha_25_default_prior,blur_severe,6.972670611168819,48.34437086092716,76.82119205298014,100.0,0,151,0.0034107980842623675,151,0,0.0,0
RF100-VL,20262021,alpha_25_default_prior,perspective_moderate,6.818496409884276,37.086092715231786,71.52317880794702,100.0,0,151,-0.04847862454858021,151,0,0.0,0
RF100-VL,20262021,alpha_25_default_prior,perspective_severe,7.063316348805591,35.76158940397351,69.5364238410596,100.0,0,151,0.09807416584340611,151,0,0.0,0
RF100-VL,20262021,alpha_25_default_prior,combined_severe,6.0622352969959925,37.74834437086093,73.50993377483444,100.0,0,151,0.083867581900539,151,0,0.0,0
RF100-VL,20262021,alpha_25_default_prior,perspective_pair,6.940906379344934,36.423841059602644,70.52980132450331,100.0,0,302,0.024797770647412953,302,0,0.0,0
RF100-VL,20262021,alpha_25_default_prior,projective_three,6.648016018561953,36.86534216335541,71.52317880794702,100.0,0,453,0.04448770773178712,453,0,0.0,0
RF100-VL,20262021,alpha_50_default_prior,all_conditions,6.90591815283324,41.94260485651214,73.62030905077262,100.0,0,906,-0.0018812571654303056,906,0,0.0,0
RF100-VL,20262021,alpha_50_default_prior,clean,7.446952668827869,47.019867549668874,73.50993377483444,100.0,0,151,0.0025773778656450475,151,0,0.0,0
RF100-VL,20262021,alpha_50_default_prior,blur_moderate,7.224694857891015,46.35761589403973,73.50993377483444,100.0,0,151,0.0021184344362739083,151,0,0.0,0
RF100-VL,20262021,alpha_50_default_prior,blur_severe,6.971377639385692,48.34437086092716,76.82119205298014,100.0,0,151,0.0021178263011361054,151,0,0.0,0
RF100-VL,20262021,alpha_50_default_prior,perspective_moderate,6.856158181244367,37.086092715231786,72.18543046357617,100.0,0,151,-0.010816853188489794,151,0,0.0,0
RF100-VL,20262021,alpha_50_default_prior,perspective_severe,6.971119609238724,35.099337748344375,71.52317880794702,100.0,0,151,0.00587742627653931,151,0,0.0,0
RF100-VL,20262021,alpha_50_default_prior,combined_severe,5.965205960411771,37.74834437086093,74.17218543046357,100.0,0,151,-0.013161754683682858,151,0,0.0,0
RF100-VL,20262021,alpha_50_default_prior,perspective_pair,6.9136388952415455,36.092715231788084,71.8543046357616,100.0,0,302,-0.002469713455975686,302,0,0.0,0
RF100-VL,20262021,alpha_50_default_prior,projective_three,6.5974945836316214,36.64459161147903,72.62693156732892,100.0,0,453,-0.006033727198544447,453,0,0.0,0
RF100-VL,20262021,alpha_100_default_prior,all_conditions,6.90779940999867,41.94260485651214,73.39955849889624,100.0,0,906,0.0,906,11,1.2141280353200883,0
RF100-VL,20262021,alpha_100_default_prior,clean,7.444375290962224,47.019867549668874,73.50993377483444,100.0,0,151,0.0,151,0,0.0,0
RF100-VL,20262021,alpha_100_default_prior,blur_moderate,7.222576423454741,47.019867549668874,73.50993377483444,100.0,0,151,0.0,151,0,0.0,0
RF100-VL,20262021,alpha_100_default_prior,blur_severe,6.969259813084556,48.34437086092716,77.48344370860927,100.0,0,151,0.0,151,0,0.0,0
RF100-VL,20262021,alpha_100_default_prior,perspective_moderate,6.866975034432857,37.086092715231786,71.52317880794702,100.0,0,151,0.0,151,3,1.9867549668874172,0
RF100-VL,20262021,alpha_100_default_prior,perspective_severe,6.965242182962185,35.099337748344375,70.19867549668875,100.0,0,151,0.0,151,4,2.6490066225165565,0
RF100-VL,20262021,alpha_100_default_prior,combined_severe,5.9783677150954535,37.086092715231786,74.17218543046357,100.0,0,151,0.0,151,4,2.6490066225165565,0
RF100-VL,20262021,alpha_100_default_prior,perspective_pair,6.916108608697521,36.092715231788084,70.86092715231787,100.0,0,302,0.0,302,7,2.3178807947019866,0
RF100-VL,20262021,alpha_100_default_prior,projective_three,6.603528310830166,36.423841059602644,71.96467991169978,100.0,0,453,0.0,453,11,2.4282560706401766,0
RF100-VL,20262021,alpha_200_default_prior,all_conditions,6.9130663630799365,41.72185430463576,73.06843267108167,100.0,0,906,0.005266953081266124,906,73,8.05739514348786,0
RF100-VL,20262021,alpha_200_default_prior,clean,7.440328525380561,47.019867549668874,73.50993377483444,100.0,0,151,-0.004046765581662726,151,0,0.0,0
RF100-VL,20262021,alpha_200_default_prior,blur_moderate,7.219301509651505,47.682119205298015,73.50993377483444,100.0,0,151,-0.003274913803235968,151,0,0.0,0
RF100-VL,20262021,alpha_200_default_prior,blur_severe,6.965807284347712,49.00662251655629,76.82119205298014,100.0,0,151,-0.003452528736843874,151,0,0.0,0
RF100-VL,20262021,alpha_200_default_prior,perspective_moderate,6.888917892802096,37.74834437086093,70.86092715231787,100.0,0,151,0.021942858369239815,151,10,6.622516556291391,0
RF100-VL,20262021,alpha_200_default_prior,perspective_severe,6.948934543350313,34.437086092715234,69.5364238410596,100.0,0,151,-0.016307639611872204,151,29,19.205298013245034,0
RF100-VL,20262021,alpha_200_default_prior,combined_severe,6.015108422947422,34.437086092715234,74.17218543046357,100.0,0,151,0.036740707851968146,151,34,22.516556291390728,0
RF100-VL,20262021,alpha_200_default_prior,perspective_pair,6.918926218076205,36.092715231788084,70.19867549668875,100.0,0,302,0.0028176093786838052,302,39,12.913907284768213,0
RF100-VL,20262021,alpha_200_default_prior,projective_three,6.617653619699944,35.54083885209713,71.52317880794702,100.0,0,453,0.014125308869777697,453,73,16.11479028697572,0
RF100-VL,20262021,alpha_100_uniform_prior,all_conditions,6.909113698519377,42.05298013245033,73.39955849889624,100.0,0,906,0.0013142885207066968,906,13,1.434878587196468,0
RF100-VL,20262021,alpha_100_uniform_prior,clean,7.446921451635292,47.019867549668874,73.50993377483444,100.0,0,151,0.002546160673068343,151,0,0.0,0
RF100-VL,20262021,alpha_100_uniform_prior,blur_moderate,7.225901195704525,47.019867549668874,73.50993377483444,100.0,0,151,0.0033247722497842247,151,0,0.0,0
RF100-VL,20262021,alpha_100_uniform_prior,blur_severe,6.973297715682511,49.00662251655629,77.48344370860927,100.0,0,151,0.00403790259795489,151,0,0.0,0
RF100-VL,20262021,alpha_100_uniform_prior,perspective_moderate,6.869545351023755,37.086092715231786,70.86092715231787,100.0,0,151,0.0025703165908987913,151,4,2.6490066225165565,0
RF100-VL,20262021,alpha_100_uniform_prior,perspective_severe,6.9636460684382975,35.76158940397351,70.86092715231787,100.0,0,151,-0.0015961145238874153,151,2,1.3245033112582782,0
RF100-VL,20262021,alpha_100_uniform_prior,combined_severe,5.975370408631875,36.423841059602644,74.17218543046357,100.0,0,151,-0.002997306463578653,151,7,4.635761589403973,0
RF100-VL,20262021,alpha_100_uniform_prior,perspective_pair,6.916595709731027,36.423841059602644,70.86092715231787,100.0,0,302,0.000487101033505688,302,6,1.9867549668874172,0
RF100-VL,20262021,alpha_100_uniform_prior,projective_three,6.602853942697977,36.423841059602644,71.96467991169978,100.0,0,453,-0.0006743681321887962,453,13,2.869757174392936,0
SyncG,20262021,alpha_0_default_prior,all_conditions,1.0399865762652822,89.22083333333333,97.59583333333333,100.0,0,24000,0.12273566012495896,24000,0,0.0,0
SyncG,20262021,alpha_0_default_prior,clean,0.7183839662707668,93.975,99.02499999999999,100.0,0,4000,0.010049582918752353,4000,0,0.0,0
SyncG,20262021,alpha_0_default_prior,blur_moderate,0.7241822778355933,94.22500000000001,99.02499999999999,100.0,0,4000,0.010793294129216369,4000,0,0.0,0
SyncG,20262021,alpha_0_default_prior,blur_severe,0.7458943758602219,94.175,99.05000000000001,100.0,0,4000,0.011325309902237679,4000,0,0.0,0
SyncG,20262021,alpha_0_default_prior,perspective_moderate,0.9638297872728472,91.125,98.425,100.0,0,4000,0.05446707940735074,4000,0,0.0,0
SyncG,20262021,alpha_0_default_prior,perspective_severe,1.4244900608316844,82.825,95.675,100.0,0,4000,0.3072617682262089,4000,0,0.0,0
SyncG,20262021,alpha_0_default_prior,combined_severe,1.66313898952058,79.0,94.375,100.0,0,4000,0.3425169261659877,4000,0,0.0,0
SyncG,20262021,alpha_0_default_prior,perspective_pair,1.194159924052266,86.97500000000001,97.05,100.0,0,8000,0.18086442381678003,8000,0,0.0,0
SyncG,20262021,alpha_0_default_prior,projective_three,1.3504862792083707,84.31666666666666,96.15833333333333,100.0,0,12000,0.2347485912665157,12000,0,0.0,0
SyncG,20262021,alpha_10_default_prior,all_conditions,0.9854551582166011,90.1625,97.98750000000001,100.0,0,24000,0.06820424207627784,24000,0,0.0,0
SyncG,20262021,alpha_10_default_prior,clean,0.7173301372695884,93.975,99.02499999999999,100.0,0,4000,0.008995753917573901,4000,0,0.0,0
SyncG,20262021,alpha_10_default_prior,blur_moderate,0.7230371320789739,94.25,99.02499999999999,100.0,0,4000,0.009648148372596976,4000,0,0.0,0
SyncG,20262021,alpha_10_default_prior,blur_severe,0.744727431305661,94.125,99.05000000000001,100.0,0,4000,0.010158365347676779,4000,0,0.0,0
SyncG,20262021,alpha_10_default_prior,perspective_moderate,0.9488893657275991,91.25,98.425,100.0,0,4000,0.03952665786210263,4000,0,0.0,0
SyncG,20262021,alpha_10_default_prior,perspective_severe,1.2757475909780704,85.2,96.825,100.0,0,4000,0.15851929837259493,4000,0,0.0,0
SyncG,20262021,alpha_10_default_prior,combined_severe,1.5029992919397148,82.175,95.575,100.0,0,4000,0.18237722858512262,4000,0,0.0,0
SyncG,20262021,alpha_10_default_prior,perspective_pair,1.1123184783528348,88.225,97.625,100.0,0,8000,0.09902297811734884,8000,0,0.0,0
SyncG,20262021,alpha_10_default_prior,projective_three,1.2425454162151282,86.20833333333333,96.94166666666668,100.0,0,12000,0.12680772827327313,12000,0,0.0,0
SyncG,20262021,alpha_25_default_prior,all_conditions,0.9483495794770128,90.74583333333334,98.17916666666666,100.0,0,24000,0.031098663336689536,24000,0,0.0,0
SyncG,20262021,alpha_25_default_prior,clean,0.7157304907751766,94.05,99.02499999999999,100.0,0,4000,0.007396107423162102,4000,0,0.0,0
SyncG,20262021,alpha_25_default_prior,blur_moderate,0.7212901017330239,94.25,99.0,100.0,0,4000,0.007901118026646947,4000,0,0.0,0
SyncG,20262021,alpha_25_default_prior,blur_severe,0.7429674940246004,94.175,99.05000000000001,100.0,0,4000,0.00839842806661617,4000,0,0.0,0
SyncG,20262021,alpha_25_default_prior,perspective_moderate,0.9338374126266277,91.475,98.425,100.0,0,4000,0.024474704761131227,4000,0,0.0,0
SyncG,20262021,alpha_25_default_prior,perspective_severe,1.1774707827000905,86.75,97.35000000000001,100.0,0,4000,0.06024249009461502,4000,0,0.0,0
SyncG,20262021,alpha_25_default_prior,combined_severe,1.3988011950025563,83.775,96.22500000000001,100.0,0,4000,0.07817913164796408,4000,0,0.0,0
SyncG,20262021,alpha_25_default_prior,perspective_pair,1.055654097663359,89.1125,97.8875,100.0,0,8000,0.04235859742787307,8000,0,0.0,0
SyncG,20262021,alpha_25_default_prior,projective_three,1.1700364634430918,87.33333333333333,97.33333333333334,100.0,0,12000,0.05429877550123674,12000,0,0.0,0
SyncG,20262021,alpha_50_default_prior,all_conditions,0.9280224387679386,91.09166666666667,98.24166666666667,100.0,0,24000,0.010771522627615271,24000,1,0.004166666666666667,0
SyncG,20262021,alpha_50_default_prior,clean,0.7130448777169172,94.1,99.02499999999999,100.0,0,4000,0.004710494364902673,4000,0,0.0,0
SyncG,20262021,alpha_50_default_prior,blur_moderate,0.7184942465724958,94.325,99.02499999999999,100.0,0,4000,0.005105262866118898,4000,0,0.0,0
SyncG,20262021,alpha_50_default_prior,blur_severe,0.7399418231512271,94.19999999999999,99.05000000000001,100.0,0,4000,0.0053727571932429274,4000,0,0.0,0
SyncG,20262021,alpha_50_default_prior,perspective_moderate,0.9198997406158929,91.625,98.45,100.0,0,4000,0.010537032750396413,4000,0,0.0,0
SyncG,20262021,alpha_50_default_prior,perspective_severe,1.1320828838076906,87.35000000000001,97.45,100.0,0,4000,0.014854591202215106,4000,0,0.0,0
SyncG,20262021,alpha_50_default_prior,combined_severe,1.3446710607434074,84.95,96.45,100.0,0,4000,0.024048997388815163,4000,1,0.025,0
SyncG,20262021,alpha_50_default_prior,perspective_pair,1.0259913122117919,89.4875,97.95,100.0,0,8000,0.01269581197630587,8000,0,0.0,0
SyncG,20262021,alpha_50_default_prior,projective_three,1.1322178950556636,87.97500000000001,97.45,100.0,0,12000,0.016480207113808598,12000,1,0.008333333333333333,0
SyncG,20262021,alpha_100_default_prior,all_conditions,0.9172509161403233,91.25416666666666,98.23333333333333,100.0,0,24000,0.0,24000,52,0.21666666666666667,0
SyncG,20262021,alpha_100_default_prior,clean,0.7083343833520145,94.175,99.02499999999999,100.0,0,4000,0.0,4000,0,0.0,0
SyncG,20262021,alpha_100_default_prior,blur_moderate,0.7133889837063769,94.39999999999999,99.02499999999999,100.0,0,4000,0.0,4000,0,0.0,0
SyncG,20262021,alpha_100_default_prior,blur_severe,0.7345690659579842,94.175,99.05000000000001,100.0,0,4000,0.0,4000,0,0.0,0
SyncG,20262021,alpha_100_default_prior,perspective_moderate,0.9093627078654964,91.57499999999999,98.45,100.0,0,4000,0.0,4000,1,0.025,0
SyncG,20262021,alpha_100_default_prior,perspective_severe,1.1172282926054755,87.75,97.39999999999999,100.0,0,4000,0.0,4000,21,0.525,0
SyncG,20262021,alpha_100_default_prior,combined_severe,1.3206220633545922,85.45,96.45,100.0,0,4000,0.0,4000,30,0.75,0
SyncG,20262021,alpha_100_default_prior,perspective_pair,1.013295500235486,89.6625,97.925,100.0,0,8000,0.0,8000,22,0.275,0
SyncG,20262021,alpha_100_default_prior,projective_three,1.115737687941855,88.25833333333334,97.43333333333334,100.0,0,12000,0.0,12000,52,0.43333333333333335,0
SyncG,20262021,alpha_200_default_prior,all_conditions,0.9175107014037615,91.0,98.2,100.0,0,24000,0.00025978526343817254,24000,898,3.7416666666666667,0
SyncG,20262021,alpha_200_default_prior,clean,0.7023899307979248,94.22500000000001,99.02499999999999,100.0,0,4000,-0.0059444525540897075,4000,60,1.5,0
SyncG,20262021,alpha_200_default_prior,blur_moderate,0.7067941231325562,94.525,99.05000000000001,100.0,0,4000,-0.006594860573820749,4000,59,1.475,0
SyncG,20262021,alpha_200_default_prior,blur_severe,0.7279335832193603,94.125,99.05000000000001,100.0,0,4000,-0.00663548273862391,4000,60,1.5,0
SyncG,20262021,alpha_200_default_prior,perspective_moderate,0.908386146229616,91.325,98.425,100.0,0,4000,-0.0009765616358804463,4000,56,1.4,0
SyncG,20262021,alpha_200_default_prior,perspective_severe,1.1297104813160859,87.0,97.32499999999999,100.0,0,4000,0.012482188710610354,4000,301,7.525,0
SyncG,20262021,alpha_200_default_prior,combined_severe,1.3298499437270257,84.8,96.325,100.0,0,4000,0.009227880372433495,4000,362,9.05,0
SyncG,20262021,alpha_200_default_prior,perspective_pair,1.019048313772851,89.1625,97.875,100.0,0,8000,0.005752813537365009,8000,357,4.4625,0
SyncG,20262021,alpha_200_default_prior,projective_three,1.1226488570909092,87.70833333333333,97.35833333333333,100.0,0,12000,0.006911169149054208,12000,719,5.991666666666666,0
SyncG,20262021,alpha_100_uniform_prior,all_conditions,0.9195467366293832,91.15416666666667,98.17083333333333,100.0,0,24000,0.002295820489059963,24000,91,0.37916666666666665,0
SyncG,20262021,alpha_100_uniform_prior,clean,0.7047086857612284,94.22500000000001,99.02499999999999,100.0,0,4000,-0.0036256975907861255,4000,1,0.025,0
SyncG,20262021,alpha_100_uniform_prior,blur_moderate,0.709467163826964,94.39999999999999,99.0,100.0,0,4000,-0.00392181987941298,4000,1,0.025,0
SyncG,20262021,alpha_100_uniform_prior,blur_severe,0.7307725791324964,94.22500000000001,99.05000000000001,100.0,0,4000,-0.0037964868254878326,4000,2,0.05,0
SyncG,20262021,alpha_100_uniform_prior,perspective_moderate,0.9144969120212006,91.525,98.3,100.0,0,4000,0.005134204155704203,4000,3,0.075,0
SyncG,20262021,alpha_100_uniform_prior,perspective_severe,1.1274304951355807,87.425,97.25,100.0,0,4000,0.010202202530105176,4000,34,0.85,0
SyncG,20262021,alpha_100_uniform_prior,combined_severe,1.3304045838988294,85.125,96.39999999999999,100.0,0,4000,0.009782520544237228,4000,50,1.25,0
SyncG,20262021,alpha_100_uniform_prior,perspective_pair,1.0209637035783905,89.47500000000001,97.775,100.0,0,8000,0.007668203342904523,8000,37,0.4625,0
SyncG,20262021,alpha_100_uniform_prior,projective_three,1.1241106636852036,88.02499999999999,97.31666666666666,100.0,0,12000,0.00837297574334861,12000,87,0.725,0
Industrial-1395,20262022,alpha_0_default_prior,all_conditions,11.366075323470536,18.73357228195938,44.59976105137395,100.0,0,8370,0.39246636335395735,8370,0,0.0,0
Industrial-1395,20262022,alpha_0_default_prior,clean,11.450651761834358,20.7168458781362,48.53046594982079,100.0,0,1395,0.08107055214544268,1395,0,0.0,0
Industrial-1395,20262022,alpha_0_default_prior,blur_moderate,11.245386256870313,21.14695340501792,49.39068100358423,100.0,0,1395,0.0797132932084974,1395,0,0.0,0
Industrial-1395,20262022,alpha_0_default_prior,blur_severe,11.024004908155744,21.14695340501792,49.24731182795699,100.0,0,1395,0.08653622631255153,1395,0,0.0,0
Industrial-1395,20262022,alpha_0_default_prior,perspective_moderate,10.303587521241093,20.21505376344086,48.17204301075269,100.0,0,1395,0.11774773392608395,1395,0,0.0,0
Industrial-1395,20262022,alpha_0_default_prior,perspective_severe,12.076309495267404,14.408602150537634,37.41935483870968,100.0,0,1395,0.9013706382341784,1395,0,0.0,0
Industrial-1395,20262022,alpha_0_default_prior,combined_severe,12.096511997454304,14.767025089605735,34.83870967741935,100.0,0,1395,1.0883597362969901,1395,0,0.0,0
Industrial-1395,20262022,alpha_0_default_prior,perspective_pair,11.189948508254249,17.311827956989248,42.795698924731184,100.0,0,2790,0.5095591860801303,2790,0,0.0,0
Industrial-1395,20262022,alpha_0_default_prior,projective_three,11.4921363379876,16.463560334528076,40.14336917562724,100.0,0,4185,0.7024927028190824,4185,0,0.0,0
Industrial-1395,20262022,alpha_10_default_prior,all_conditions,11.147472470141635,19.06810035842294,46.511350059737154,100.0,0,8370,0.17386351002505585,8370,0,0.0,0
Industrial-1395,20262022,alpha_10_default_prior,clean,11.435914608949311,20.7168458781362,48.45878136200717,100.0,0,1395,0.06633339926039561,1395,0,0.0,0
Industrial-1395,20262022,alpha_10_default_prior,blur_moderate,11.23076505424666,21.21863799283154,49.39068100358423,100.0,0,1395,0.06509209058484444,1395,0,0.0,0
Industrial-1395,20262022,alpha_10_default_prior,blur_severe,11.008542600842894,21.14695340501792,49.39068100358423,100.0,0,1395,0.07107391899970139,1395,0,0.0,0
Industrial-1395,20262022,alpha_10_default_prior,perspective_moderate,10.248823351986804,20.3584229390681,48.38709677419355,100.0,0,1395,0.06298356467179467,1395,0,0.0,0
Industrial-1395,20262022,alpha_10_default_prior,perspective_severe,11.527788761417995,14.982078853046596,43.15412186379928,100.0,0,1395,0.3528499043847688,1395,0,0.0,0
Industrial-1395,20262022,alpha_10_default_prior,combined_severe,11.433000443406147,15.985663082437277,40.28673835125448,100.0,0,1395,0.4248481822488337,1395,0,0.0,0
Industrial-1395,20262022,alpha_10_default_prior,perspective_pair,10.8883060567024,17.67025089605735,45.770609318996414,100.0,0,2790,0.20791673452828086,2790,0,0.0,0
Industrial-1395,20262022,alpha_10_default_prior,projective_three,11.069870852270316,17.108721624850656,43.9426523297491,100.0,0,4185,0.28022721710179965,4185,0,0.0,0
Industrial-1395,20262022,alpha_25_default_prior,all_conditions,11.0340072123516,19.54599761051374,47.99283154121864,100.0,0,8370,0.06039825223502149,8370,0,0.0,0
Industrial-1395,20262022,alpha_25_default_prior,clean,11.41726282913883,20.7168458781362,48.53046594982079,100.0,0,1395,0.047681619449914336,1395,0,0.0,0
Industrial-1395,20262022,alpha_25_default_prior,blur_moderate,11.21227819822773,21.0752688172043,49.46236559139785,100.0,0,1395,0.0466052345659147,1395,0,0.0,0
Industrial-1395,20262022,alpha_25_default_prior,blur_severe,10.988877909342127,21.21863799283154,49.53405017921147,100.0,0,1395,0.05140922749893484,1395,0,0.0,0
Industrial-1395,20262022,alpha_25_default_prior,perspective_moderate,10.223487608577154,20.3584229390681,48.817204301075265,100.0,0,1395,0.037647821262144276,1395,0,0.0,0
Industrial-1395,20262022,alpha_25_default_prior,perspective_severe,11.25567644295504,17.20430107526882,46.59498207885305,100.0,0,1395,0.08073758592181512,1395,0,0.0,0
Industrial-1395,20262022,alpha_25_default_prior,combined_severe,11.106460285868716,16.702508960573475,45.017921146953405,100.0,0,1395,0.0983080247114021,1395,0,0.0,0
Industrial-1395,20262022,alpha_25_default_prior,perspective_pair,10.739582025766097,18.781362007168457,47.70609318996416,100.0,0,2790,0.05919270359197881,2790,0,0.0,0
Industrial-1395,20262022,alpha_25_default_prior,projective_three,10.861874779133636,18.088410991636795,46.81003584229391,100.0,0,4185,0.07223114396511932,4185,0,0.0,0
Industrial-1395,20262022,alpha_50_default_prior,all_conditions,10.992217804368886,20.0,48.769414575866186,100.0,0,8370,0.018608844252307577,8370,6,0.07168458781362007,0
Industrial-1395,20262022,alpha_50_default_prior,clean,11.394458803057473,20.7168458781362,48.60215053763441,100.0,0,1395,0.024877593368557882,1395,0,0.0,0
Industrial-1395,20262022,alpha_50_default_prior,blur_moderate,11.189818917820174,21.36200716845878,49.46236559139785,100.0,0,1395,0.024145954158358407,1395,0,0.0,0
Industrial-1395,20262022,alpha_50_default_prior,blur_severe,10.964577955822044,21.36200716845878,49.67741935483871,100.0,0,1395,0.027109273978851434,1395,0,0.0,0
Industrial-1395,20262022,alpha_50_default_prior,perspective_moderate,10.204797126038741,20.50179211469534,49.60573476702509,100.0,0,1395,0.018957338723732065,1395,0,0.0,0
Industrial-1395,20262022,alpha_50_default_prior,perspective_severe,11.180669729761343,18.70967741935484,47.956989247311824,100.0,0,1395,0.00573087272811712,1395,4,0.2867383512544803,0
Industrial-1395,20262022,alpha_50_default_prior,combined_severe,11.01898429371354,17.34767025089606,47.31182795698925,100.0,0,1395,0.010832032556226778,1395,2,0.14336917562724014,0
Industrial-1395,20262022,alpha_50_default_prior,perspective_pair,10.692733427900041,19.60573476702509,48.78136200716846,100.0,0,2790,0.012344105725922816,2790,4,0.14336917562724014,0
Industrial-1395,20262022,alpha_50_default_prior,projective_three,10.80148371650454,18.85304659498208,48.29151732377539,100.0,0,4185,0.011840081336023545,4185,6,0.14336917562724014,0
Industrial-1395,20262022,alpha_100_default_prior,all_conditions,10.973608960116579,20.39426523297491,48.817204301075265,100.0,0,8370,0.0,8370,326,3.894862604540024,0
Industrial-1395,20262022,alpha_100_default_prior,clean,11.369581209688915,21.0752688172043,48.67383512544803,100.0,0,1395,0.0,1395,0,0.0,0
Industrial-1395,20262022,alpha_100_default_prior,blur_moderate,11.165672963661816,21.36200716845878,49.53405017921147,100.0,0,1395,0.0,1395,0,0.0,0
Industrial-1395,20262022,alpha_100_default_prior,blur_severe,10.937468681843193,21.433691756272403,49.96415770609319,100.0,0,1395,0.0,1395,0,0.0,0
Industrial-1395,20262022,alpha_100_default_prior,perspective_moderate,10.18583978731501,20.7168458781362,49.89247311827957,100.0,0,1395,0.0,1395,31,2.2222222222222223,0
Industrial-1395,20262022,alpha_100_default_prior,perspective_severe,11.174938857033226,19.56989247311828,47.598566308243726,100.0,0,1395,0.0,1395,146,10.46594982078853,0
Industrial-1395,20262022,alpha_100_default_prior,combined_severe,11.008152261157313,18.2078853046595,47.24014336917563,100.0,0,1395,0.0,1395,149,10.68100358422939,0
Industrial-1395,20262022,alpha_100_default_prior,perspective_pair,10.680389322174118,20.14336917562724,48.74551971326165,100.0,0,2790,0.0,2790,177,6.344086021505376,0
Industrial-1395,20262022,alpha_100_default_prior,projective_three,10.789643635168517,19.498207885304662,48.24372759856631,100.0,0,4185,0.0,4185,326,7.789725209080048,0
Industrial-1395,20262022,alpha_200_default_prior,all_conditions,10.962186056792676,20.513739545997613,48.99641577060932,100.0,0,8370,-0.01142290332390239,8370,1129,13.488649940262844,0
Industrial-1395,20262022,alpha_200_default_prior,clean,11.352934304146695,21.14695340501792,48.817204301075265,100.0,0,1395,-0.01664690554222048,1395,25,1.7921146953405018,0
Industrial-1395,20262022,alpha_200_default_prior,blur_moderate,11.149806964130828,21.433691756272403,49.46236559139785,100.0,0,1395,-0.01586599953098755,1395,21,1.5053763440860215,0
Industrial-1395,20262022,alpha_200_default_prior,blur_severe,10.917821809914733,21.72043010752688,50.10752688172043,100.0,0,1395,-0.01964687192845993,1395,23,1.6487455197132617,0
Industrial-1395,20262022,alpha_200_default_prior,perspective_moderate,10.171253270574242,21.14695340501792,50.10752688172043,100.0,0,1395,-0.014586516740767053,1395,161,11.54121863799283,0
Industrial-1395,20262022,alpha_200_default_prior,perspective_severe,11.177213961492551,19.35483870967742,48.17204301075269,100.0,0,1395,0.002275104459325661,1395,441,31.612903225806452,0
Industrial-1395,20262022,alpha_200_default_prior,combined_severe,11.00408603049701,18.27956989247312,47.31182795698925,100.0,0,1395,-0.004066230660303205,1395,458,32.831541218637994,0
Industrial-1395,20262022,alpha_200_default_prior,perspective_pair,10.674233616033396,20.25089605734767,49.13978494623656,100.0,0,2790,-0.006155706140722472,2790,602,21.57706093189964,0
Industrial-1395,20262022,alpha_200_default_prior,projective_three,10.784184420854602,19.59378733572282,48.53046594982079,100.0,0,4185,-0.0054592143139142735,4185,1060,25.328554360812426,0
Industrial-1395,20262022,alpha_100_uniform_prior,all_conditions,10.973107655655298,20.17921146953405,48.87694145758662,100.0,0,8370,-0.0005013044612809381,8370,213,2.5448028673835124,0
Industrial-1395,20262022,alpha_100_uniform_prior,clean,11.373581381053656,20.78853046594982,48.53046594982079,100.0,0,1395,0.004000171364740623,1395,0,0.0,0
Industrial-1395,20262022,alpha_100_uniform_prior,blur_moderate,11.170057706885137,21.21863799283154,49.46236559139785,100.0,0,1395,0.004384743223321053,1395,0,0.0,0
Industrial-1395,20262022,alpha_100_uniform_prior,blur_severe,10.940848175006316,21.29032258064516,49.82078853046595,100.0,0,1395,0.0033794931631234704,1395,0,0.0,0
Industrial-1395,20262022,alpha_100_uniform_prior,perspective_moderate,10.176602030320442,20.50179211469534,49.89247311827957,100.0,0,1395,-0.009237756994567192,1395,18,1.2903225806451613,0
Industrial-1395,20262022,alpha_100_uniform_prior,perspective_severe,11.166758029294312,19.498207885304662,48.028673835125446,100.0,0,1395,-0.008180827738913266,1395,99,7.096774193548387,0
Industrial-1395,20262022,alpha_100_uniform_prior,combined_severe,11.010798611371925,17.77777777777778,47.52688172043011,100.0,0,1395,0.0026463502146114593,1395,96,6.881720430107527,0
Industrial-1395,20262022,alpha_100_uniform_prior,perspective_pair,10.671680029807378,20.0,48.96057347670251,100.0,0,2790,-0.008709292366740229,2790,117,4.193548387096774,0
Industrial-1395,20262022,alpha_100_uniform_prior,projective_three,10.78471955699556,19.25925925925926,48.48267622461171,100.0,0,4185,-0.004924078172956925,4185,213,5.089605734767025,0
RF100-VL,20262022,alpha_0_default_prior,all_conditions,4.410841487418633,45.36423841059602,76.71081677704194,100.0,0,906,0.1995006449648411,906,0,0.0,0
RF100-VL,20262022,alpha_0_default_prior,clean,4.15762811596408,51.65562913907284,78.1456953642384,100.0,0,151,0.05203328226156945,151,0,0.0,0
RF100-VL,20262022,alpha_0_default_prior,blur_moderate,4.03705809744222,54.966887417218544,77.48344370860927,100.0,0,151,0.055253120858324234,151,0,0.0,0
RF100-VL,20262022,alpha_0_default_prior,blur_severe,3.7088777769232784,53.64238410596026,81.45695364238411,100.0,0,151,0.05182117618472404,151,0,0.0,0
RF100-VL,20262022,alpha_0_default_prior,perspective_moderate,4.034893437823126,44.370860927152314,78.1456953642384,100.0,0,151,0.2825283936455656,151,0,0.0,0
RF100-VL,20262022,alpha_0_default_prior,perspective_severe,5.118314769740576,34.437086092715234,73.50993377483444,100.0,0,151,0.40077135583894385,151,0,0.0,0
RF100-VL,20262022,alpha_0_default_prior,combined_severe,5.408276726618515,33.11258278145696,71.52317880794702,100.0,0,151,0.3545965409999141,151,0,0.0,0
RF100-VL,20262022,alpha_0_default_prior,perspective_pair,4.57660410378185,39.40397350993378,75.82781456953643,100.0,0,302,0.34164987474225317,302,0,0.0,0
RF100-VL,20262022,alpha_0_default_prior,projective_three,4.853828311394073,37.30684326710817,74.39293598233996,100.0,0,453,0.3459654301614741,453,0,0.0,0
RF100-VL,20262022,alpha_10_default_prior,all_conditions,4.285666432800337,47.35099337748344,78.03532008830022,100.0,0,906,0.07432559034654496,906,0,0.0,0
RF100-VL,20262022,alpha_10_default_prior,clean,4.1528432339322,51.65562913907284,78.1456953642384,100.0,0,151,0.047248400229689125,151,0,0.0,0
RF100-VL,20262022,alpha_10_default_prior,blur_moderate,4.031977134530873,54.966887417218544,77.48344370860927,100.0,0,151,0.0501721579469776,151,0,0.0,0
RF100-VL,20262022,alpha_10_default_prior,blur_severe,3.7038339010038084,53.64238410596026,81.45695364238411,100.0,0,151,0.04677730026525406,151,0,0.0,0
RF100-VL,20262022,alpha_10_default_prior,perspective_moderate,3.9437410697714044,44.370860927152314,79.47019867549669,100.0,0,151,0.19137602559384437,151,0,0.0,0
RF100-VL,20262022,alpha_10_default_prior,perspective_severe,4.78978064347024,39.735099337748345,76.15894039735099,100.0,0,151,0.07223722956860801,151,0,0.0,0
RF100-VL,20262022,alpha_10_default_prior,combined_severe,5.091822614093493,39.735099337748345,75.49668874172185,100.0,0,151,0.03814242847489169,151,0,0.0,0
RF100-VL,20262022,alpha_10_default_prior,perspective_pair,4.366760856620822,42.05298013245033,77.81456953642383,100.0,0,302,0.1318066275812244,302,0,0.0,0
RF100-VL,20262022,alpha_10_default_prior,projective_three,4.6084481091117135,41.280353200883,77.04194260485652,100.0,0,453,0.10058522787911439,453,0,0.0,0
RF100-VL,20262022,alpha_25_default_prior,all_conditions,4.2337453080489444,48.45474613686534,78.1456953642384,100.0,0,906,0.022404465595152523,906,0,0.0,0
RF100-VL,20262022,alpha_25_default_prior,clean,4.145149753922727,51.65562913907284,78.1456953642384,100.0,0,151,0.03955492022021634,151,0,0.0,0
RF100-VL,20262022,alpha_25_default_prior,blur_moderate,4.023745124936288,54.966887417218544,77.48344370860927,100.0,0,151,0.04194014835239246,151,0,0.0,0
RF100-VL,20262022,alpha_25_default_prior,blur_severe,3.6956905681367704,53.64238410596026,80.79470198675497,100.0,0,151,0.03863396739821612,151,0,0.0,0
RF100-VL,20262022,alpha_25_default_prior,perspective_moderate,3.866816147521971,44.370860927152314,79.47019867549669,100.0,0,151,0.11445110334441111,151,0,0.0,0
RF100-VL,20262022,alpha_25_default_prior,perspective_severe,4.651912595681139,47.019867549668874,75.49668874172185,100.0,0,151,-0.06563081822049277,151,0,0.0,0
RF100-VL,20262022,alpha_25_default_prior,combined_severe,5.0191576580947705,39.0728476821192,77.48344370860927,100.0,0,151,-0.03452252752383078,151,0,0.0,0
RF100-VL,20262022,alpha_25_default_prior,perspective_pair,4.2593643716015555,45.6953642384106,77.48344370860927,100.0,0,302,0.02441014256195828,302,0,0.0,0
RF100-VL,20262022,alpha_25_default_prior,projective_three,4.512628800432627,43.4878587196468,77.48344370860927,100.0,0,453,0.0047659192000280015,453,0,0.0,0
RF100-VL,20262022,alpha_50_default_prior,all_conditions,4.222087436931714,48.23399558498897,78.03532008830022,100.0,0,906,0.010746594477922145,906,0,0.0,0
RF100-VL,20262022,alpha_50_default_prior,clean,4.131386742927449,51.65562913907284,78.80794701986756,100.0,0,151,0.02579190922493879,151,0,0.0,0
RF100-VL,20262022,alpha_50_default_prior,blur_moderate,4.009041756920651,54.3046357615894,77.48344370860927,100.0,0,151,0.027236780336755917,151,0,0.0,0
RF100-VL,20262022,alpha_50_default_prior,blur_severe,3.6814451338981513,53.64238410596026,81.45695364238411,100.0,0,151,0.024388533159596992,151,0,0.0,0
RF100-VL,20262022,alpha_50_default_prior,perspective_moderate,3.8073935130510184,44.370860927152314,78.80794701986756,100.0,0,151,0.05502846887345836,151,0,0.0,0
RF100-VL,20262022,alpha_50_default_prior,perspective_severe,4.6667992102822495,47.682119205298015,76.82119205298014,100.0,0,151,-0.05074420361938259,151,0,0.0,0
RF100-VL,20262022,alpha_50_default_prior,combined_severe,5.03645826451076,37.74834437086093,74.83443708609272,100.0,0,151,-0.01722192110784171,151,0,0.0,0
RF100-VL,20262022,alpha_50_default_prior,perspective_pair,4.237096361666635,46.026490066225165,77.81456953642383,100.0,0,302,0.002142132627037441,302,0,0.0,0
RF100-VL,20262022,alpha_50_default_prior,projective_three,4.503550329281344,43.26710816777042,76.82119205298014,100.0,0,453,-0.004312551951255017,453,0,0.0,0
RF100-VL,20262022,alpha_100_default_prior,all_conditions,4.211340842453792,48.34437086092716,78.03532008830022,100.0,0,906,0.0,906,9,0.9933774834437086,0
RF100-VL,20262022,alpha_100_default_prior,clean,4.1055948337025105,52.980132450331126,78.80794701986756,100.0,0,151,0.0,151,0,0.0,0
RF100-VL,20262022,alpha_100_default_prior,blur_moderate,3.9818049765838954,53.64238410596026,77.48344370860927,100.0,0,151,0.0,151,0,0.0,0
RF100-VL,20262022,alpha_100_default_prior,blur_severe,3.6570566007385543,53.64238410596026,82.11920529801324,100.0,0,151,0.0,151,0,0.0,0
RF100-VL,20262022,alpha_100_default_prior,perspective_moderate,3.75236504417756,45.033112582781456,78.80794701986756,100.0,0,151,0.0,151,0,0.0,0
RF100-VL,20262022,alpha_100_default_prior,perspective_severe,4.717543413901632,48.34437086092716,76.82119205298014,100.0,0,151,0.0,151,4,2.6490066225165565,0
RF100-VL,20262022,alpha_100_default_prior,combined_severe,5.053680185618601,36.423841059602644,74.17218543046357,100.0,0,151,0.0,151,5,3.3112582781456954,0
RF100-VL,20262022,alpha_100_default_prior,perspective_pair,4.234954229039597,46.688741721854306,77.81456953642383,100.0,0,302,0.0,302,4,1.3245033112582782,0
RF100-VL,20262022,alpha_100_default_prior,projective_three,4.507862881232599,43.26710816777042,76.60044150110376,100.0,0,453,0.0,453,9,1.9867549668874172,0
RF100-VL,20262022,alpha_200_default_prior,all_conditions,4.198431851881072,47.90286975717439,78.69757174392936,100.0,0,906,-0.012908990572720214,906,97,10.706401766004415,0
RF100-VL,20262022,alpha_200_default_prior,clean,4.077998610343236,52.980132450331126,79.47019867549669,100.0,0,151,-0.02759622335927414,151,4,2.6490066225165565,0
RF100-VL,20262022,alpha_200_default_prior,blur_moderate,3.9537792979542714,53.64238410596026,78.80794701986756,100.0,0,151,-0.028025678629624018,151,3,1.9867549668874172,0
RF100-VL,20262022,alpha_200_default_prior,blur_severe,3.633722750921435,53.64238410596026,82.11920529801324,100.0,0,151,-0.02333384981711939,151,4,2.6490066225165565,0
RF100-VL,20262022,alpha_200_default_prior,perspective_moderate,3.703720246453178,45.6953642384106,79.47019867549669,100.0,0,151,-0.048644797724382016,151,18,11.920529801324504,0
RF100-VL,20262022,alpha_200_default_prior,perspective_severe,4.752156382887531,45.033112582781456,77.48344370860927,100.0,0,151,0.03461296898589872,151,31,20.52980132450331,0
RF100-VL,20262022,alpha_200_default_prior,combined_severe,5.069213822726776,36.423841059602644,74.83443708609272,100.0,0,151,0.01553363710817468,151,37,24.503311258278146,0
RF100-VL,20262022,alpha_200_default_prior,perspective_pair,4.227938314670354,45.36423841059602,78.47682119205298,100.0,0,302,-0.007015914369243426,302,49,16.225165562913908,0
RF100-VL,20262022,alpha_200_default_prior,projective_three,4.508363484022495,42.384105960264904,77.2626931567329,100.0,0,453,0.0005006027898959431,453,86,18.984547461368653,0
RF100-VL,20262022,alpha_100_uniform_prior,all_conditions,4.204102861794383,48.675496688741724,78.1456953642384,100.0,0,906,-0.007237980659408727,906,14,1.5452538631346577,0
RF100-VL,20262022,alpha_100_uniform_prior,clean,4.09809319134093,52.980132450331126,78.80794701986756,100.0,0,151,-0.007501642361580352,151,0,0.0,0
RF100-VL,20262022,alpha_100_uniform_prior,blur_moderate,3.975199075957192,53.64238410596026,77.48344370860927,100.0,0,151,-0.006605900626703409,151,0,0.0,0
RF100-VL,20262022,alpha_100_uniform_prior,blur_severe,3.6537759626937185,54.3046357615894,82.11920529801324,100.0,0,151,-0.003280638044835804,151,0,0.0,0
RF100-VL,20262022,alpha_100_uniform_prior,perspective_moderate,3.7301676384258604,45.033112582781456,78.80794701986756,100.0,0,151,-0.022197405751699595,151,1,0.6622516556291391,0
RF100-VL,20262022,alpha_100_uniform_prior,perspective_severe,4.7316701732128275,47.019867549668874,77.48344370860927,100.0,0,151,0.014126759311195336,151,7,4.635761589403973,0
RF100-VL,20262022,alpha_100_uniform_prior,combined_severe,5.035711129135761,39.0728476821192,74.17218543046357,100.0,0,151,-0.01796905648284053,151,6,3.9735099337748343,0
RF100-VL,20262022,alpha_100_uniform_prior,perspective_pair,4.230918905819345,46.026490066225165,78.1456953642384,100.0,0,302,-0.0040353232202523515,302,8,2.6490066225165565,0
RF100-VL,20262022,alpha_100_uniform_prior,projective_three,4.499182980258151,43.70860927152318,76.82119205298014,100.0,0,453,-0.008679900974447818,453,14,3.0905077262693155,0
SyncG,20262022,alpha_0_default_prior,all_conditions,0.9802238803540867,90.275,98.07083333333333,100.0,0,24000,0.14416122515431717,24000,0,0.0,0
SyncG,20262022,alpha_0_default_prior,clean,0.6668731468906344,95.7,99.45,100.0,0,4000,0.016227234783256494,4000,0,0.0,0
SyncG,20262022,alpha_0_default_prior,blur_moderate,0.6657758948995554,95.65,99.45,100.0,0,4000,0.01406112720947239,4000,0,0.0,0
SyncG,20262022,alpha_0_default_prior,blur_severe,0.6900671265715845,95.125,99.35000000000001,100.0,0,4000,0.012991371874785163,4000,0,0.0,0
SyncG,20262022,alpha_0_default_prior,perspective_moderate,0.8917837352068331,92.425,98.875,100.0,0,4000,0.053417589964284584,4000,0,0.0,0
SyncG,20262022,alpha_0_default_prior,perspective_severe,1.373028922674595,83.025,96.275,100.0,0,4000,0.36652945239445867,4000,0,0.0,0
SyncG,20262022,alpha_0_default_prior,combined_severe,1.5938144558813176,79.725,95.025,100.0,0,4000,0.40174057469964564,4000,0,0.0,0
SyncG,20262022,alpha_0_default_prior,perspective_pair,1.132406328940714,87.725,97.575,100.0,0,8000,0.20997352117937151,8000,0,0.0,0
SyncG,20262022,alpha_0_default_prior,projective_three,1.2862090379209152,85.05833333333334,96.72500000000001,100.0,0,12000,0.27389587235279644,12000,0,0.0,0
SyncG,20262022,alpha_10_default_prior,all_conditions,0.9195218783999901,91.42083333333333,98.47083333333333,100.0,0,24000,0.08345922320022059,24000,0,0.0,0
SyncG,20262022,alpha_10_default_prior,clean,0.6651257249459667,95.675,99.45,100.0,0,4000,0.01447981283858879,4000,0,0.0,0
SyncG,20262022,alpha_10_default_prior,blur_moderate,0.6642484609383468,95.65,99.45,100.0,0,4000,0.01253369324826381,4000,0,0.0,0
SyncG,20262022,alpha_10_default_prior,blur_severe,0.6887313970844505,95.15,99.35000000000001,100.0,0,4000,0.011655642387651155,4000,0,0.0,0
SyncG,20262022,alpha_10_default_prior,perspective_moderate,0.8780836152049271,92.625,98.925,100.0,0,4000,0.03971746996237857,4000,0,0.0,0
SyncG,20262022,alpha_10_default_prior,perspective_severe,1.2061564008920267,86.35000000000001,97.375,100.0,0,4000,0.19965693061189027,4000,0,0.0,0
SyncG,20262022,alpha_10_default_prior,combined_severe,1.414785671334222,83.075,96.275,100.0,0,4000,0.22271179015254994,4000,0,0.0,0
SyncG,20262022,alpha_10_default_prior,perspective_pair,1.042120008048477,89.4875,98.15,100.0,0,8000,0.11968720028713442,8000,0,0.0,0
SyncG,20262022,alpha_10_default_prior,projective_three,1.1663418958103917,87.35000000000001,97.52499999999999,100.0,0,12000,0.15402873024227293,12000,0,0.0,0
SyncG,20262022,alpha_25_default_prior,all_conditions,0.8764055745656567,92.17916666666667,98.67083333333333,100.0,0,24000,0.040342919365887187,24000,0,0.0,0
SyncG,20262022,alpha_25_default_prior,clean,0.6623605944280708,95.675,99.45,100.0,0,4000,0.011714682320692948,4000,0,0.0,0
SyncG,20262022,alpha_25_default_prior,blur_moderate,0.6619047519071993,95.675,99.45,100.0,0,4000,0.010189984217116366,4000,0,0.0,0
SyncG,20262022,alpha_25_default_prior,blur_severe,0.6866783544435373,95.175,99.375,100.0,0,4000,0.009602599746737939,4000,0,0.0,0
SyncG,20262022,alpha_25_default_prior,perspective_moderate,0.8637316492079109,92.875,98.925,100.0,0,4000,0.025365503965362413,4000,0,0.0,0
SyncG,20262022,alpha_25_default_prior,perspective_severe,1.0912025491892434,88.375,97.95,100.0,0,4000,0.084703078909107,4000,0,0.0,0
SyncG,20262022,alpha_25_default_prior,combined_severe,1.2925555482179785,85.3,96.875,100.0,0,4000,0.10048166703630645,4000,0,0.0,0
SyncG,20262022,alpha_25_default_prior,perspective_pair,0.9774670991985772,90.625,98.4375,100.0,0,8000,0.055034291437234706,8000,0,0.0,0
SyncG,20262022,alpha_25_default_prior,projective_three,1.0824965822050443,88.85,97.91666666666666,100.0,0,12000,0.07018341663692551,12000,0,0.0,0
SyncG,20262022,alpha_50_default_prior,all_conditions,0.8508822177379756,92.45416666666667,98.69583333333334,100.0,0,24000,0.014819562538206044,24000,2,0.008333333333333333,0
SyncG,20262022,alpha_50_default_prior,clean,0.6577971019089561,95.625,99.45,100.0,0,4000,0.0071511898015782505,4000,0,0.0,0
SyncG,20262022,alpha_50_default_prior,blur_moderate,0.658035456543397,95.625,99.45,100.0,0,4000,0.006320688853314049,4000,0,0.0,0
SyncG,20262022,alpha_50_default_prior,blur_severe,0.683202374766066,95.19999999999999,99.375,100.0,0,4000,0.006126620069266675,4000,0,0.0,0
SyncG,20262022,alpha_50_default_prior,perspective_moderate,0.8488389124794167,92.9,98.925,100.0,0,4000,0.010472767236868186,4000,0,0.0,0
SyncG,20262022,alpha_50_default_prior,perspective_severe,1.0318346459474488,89.225,98.0,100.0,0,4000,0.02533517566731236,4000,1,0.025,0
SyncG,20262022,alpha_50_default_prior,combined_severe,1.2255848147825696,86.15,96.975,100.0,0,4000,0.03351093360089763,4000,1,0.025,0
SyncG,20262022,alpha_50_default_prior,perspective_pair,0.9403367792134326,91.0625,98.46249999999999,100.0,0,8000,0.017903971452090106,8000,1,0.0125,0
SyncG,20262022,alpha_50_default_prior,projective_three,1.0354194577364786,89.425,97.96666666666667,100.0,0,12000,0.0231062921683598,12000,2,0.016666666666666666,0
SyncG,20262022,alpha_100_default_prior,all_conditions,0.8360626551997695,92.57916666666667,98.69583333333334,100.0,0,24000,0.0,24000,49,0.20416666666666666,0
SyncG,20262022,alpha_100_default_prior,clean,0.6506459121073779,95.6,99.45,100.0,0,4000,0.0,4000,0,0.0,0
SyncG,20262022,alpha_100_default_prior,blur_moderate,0.651714767690083,95.6,99.45,100.0,0,4000,0.0,4000,0,0.0,0
SyncG,20262022,alpha_100_default_prior,blur_severe,0.6770757546967994,95.19999999999999,99.375,100.0,0,4000,0.0,4000,0,0.0,0
SyncG,20262022,alpha_100_default_prior,perspective_moderate,0.8383661452425485,92.72500000000001,98.925,100.0,0,4000,0.0,4000,1,0.025,0
SyncG,20262022,alpha_100_default_prior,perspective_severe,1.0064994702801364,89.45,98.05,100.0,0,4000,0.0,4000,22,0.55,0
SyncG,20262022,alpha_100_default_prior,combined_severe,1.192073881181672,86.9,96.925,100.0,0,4000,0.0,4000,26,0.65,0
SyncG,20262022,alpha_100_default_prior,perspective_pair,0.9224328077613425,91.0875,98.4875,100.0,0,8000,0.0,8000,23,0.2875,0
SyncG,20262022,alpha_100_default_prior,projective_three,1.0123131655681188,89.69166666666666,97.96666666666667,100.0,0,12000,0.0,12000,49,0.4083333333333333,0
SyncG,20262022,alpha_200_default_prior,all_conditions,0.8329418010200139,92.37916666666666,98.6625,100.0,0,24000,-0.0031208541797556055,24000,1109,4.620833333333334,0
SyncG,20262022,alpha_200_default_prior,clean,0.6437181897338268,95.6,99.45,100.0,0,4000,-0.006927722373551104,4000,142,3.55,0
SyncG,20262022,alpha_200_default_prior,blur_moderate,0.6455810203948266,95.525,99.45,100.0,0,4000,-0.006133747295256398,4000,129,3.225,0
SyncG,20262022,alpha_200_default_prior,blur_severe,0.6705612917355805,95.19999999999999,99.375,100.0,0,4000,-0.006514462961218825,4000,117,2.925,0
SyncG,20262022,alpha_200_default_prior,perspective_moderate,0.8400626756910985,92.225,98.825,100.0,0,4000,0.0016965304485500043,4000,37,0.925,0
SyncG,20262022,alpha_200_default_prior,perspective_severe,1.0067804973867247,89.14999999999999,98.0,100.0,0,4000,0.000281027106588283,4000,319,7.975,0
SyncG,20262022,alpha_200_default_prior,combined_severe,1.1909471311780269,86.575,96.875,100.0,0,4000,-0.0011267500036451494,4000,365,9.125,0
SyncG,20262022,alpha_200_default_prior,perspective_pair,0.9234215865389117,90.6875,98.41250000000001,100.0,0,8000,0.0009887787775691992,8000,356,4.45,0
SyncG,20262022,alpha_200_default_prior,projective_three,1.0125967680852834,89.31666666666666,97.89999999999999,100.0,0,12000,0.00028360251716463836,12000,721,6.008333333333334,0
SyncG,20262022,alpha_100_uniform_prior,all_conditions,0.8352836439875664,92.475,98.67916666666666,100.0,0,24000,-0.0007790112122031401,24000,83,0.3458333333333333,0
SyncG,20262022,alpha_100_uniform_prior,clean,0.6457170749046034,95.7,99.45,100.0,0,4000,-0.004928837202774483,4000,1,0.025,0
SyncG,20262022,alpha_100_uniform_prior,blur_moderate,0.6472742794655542,95.525,99.425,100.0,0,4000,-0.004440488224528805,4000,0,0.0,0
SyncG,20262022,alpha_100_uniform_prior,blur_severe,0.6721260114971978,95.22500000000001,99.375,100.0,0,4000,-0.0049497431996016195,4000,0,0.0,0
SyncG,20262022,alpha_100_uniform_prior,perspective_moderate,0.843759993229991,92.30000000000001,98.875,100.0,0,4000,0.005393847987442468,4000,1,0.025,0
SyncG,20262022,alpha_100_uniform_prior,perspective_severe,1.0091507817590615,89.3,98.05,100.0,0,4000,0.002651311478925056,4000,37,0.925,0
SyncG,20262022,alpha_100_uniform_prior,combined_severe,1.1936737230689904,86.8,96.89999999999999,100.0,0,4000,0.0015998418873184317,4000,44,1.1,0
SyncG,20262022,alpha_100_uniform_prior,perspective_pair,0.926455387494526,90.8,98.46249999999999,100.0,0,8000,0.00402257973318354,8000,38,0.475,0
SyncG,20262022,alpha_100_uniform_prior,projective_three,1.0155281660193476,89.46666666666667,97.94166666666668,100.0,0,12000,0.0032150004512288,12000,82,0.6833333333333333,0
