comparison,dataset,scope,definition,candidate_better_groups,tied_groups,candidate_worse_groups,candidate_better_group_fraction,median_group_delta_pct_fs
geoprr_minus_resnet18,syncg,all_conditions,compare row-mean errors within each source group after averaging source-seed errors,145,0,0,1.0,-1.5533463758923536
geoprr_minus_resnet18,syncg,clean,compare row-mean errors within each source group after averaging source-seed errors,32,0,113,0.2206896551724138,0.08792689302928991
geoprr_minus_resnet18,syncg,blur_moderate,compare row-mean errors within each source group after averaging source-seed errors,34,0,111,0.23448275862068965,0.0867851193826847
geoprr_minus_resnet18,syncg,blur_severe,compare row-mean errors within each source group after averaging source-seed errors,26,0,119,0.1793103448275862,0.09269614671877202
geoprr_minus_resnet18,syncg,perspective_moderate,compare row-mean errors within each source group after averaging source-seed errors,145,0,0,1.0,-0.760710992192002
geoprr_minus_resnet18,syncg,perspective_severe,compare row-mean errors within each source group after averaging source-seed errors,145,0,0,1.0,-4.269394268775044
geoprr_minus_resnet18,syncg,combined_severe,compare row-mean errors within each source group after averaging source-seed errors,145,0,0,1.0,-4.386588183922309
geoprr_minus_resnet18,syncg,perspective_pair,compare row-mean errors within each source group after averaging source-seed errors,145,0,0,1.0,-2.4937413113905245
geoprr_minus_resnet18,syncg,projective_three,compare row-mean errors within each source group after averaging source-seed errors,145,0,0,1.0,-3.1429808836845625
geoprr_minus_efficientnet_b0,syncg,all_conditions,compare row-mean errors within each source group after averaging source-seed errors,145,0,0,1.0,-0.7397055819747966
geoprr_minus_efficientnet_b0,syncg,clean,compare row-mean errors within each source group after averaging source-seed errors,35,0,110,0.2413793103448276,0.05359576388182704
geoprr_minus_efficientnet_b0,syncg,blur_moderate,compare row-mean errors within each source group after averaging source-seed errors,32,0,113,0.2206896551724138,0.05742752730845531
geoprr_minus_efficientnet_b0,syncg,blur_severe,compare row-mean errors within each source group after averaging source-seed errors,26,0,119,0.1793103448275862,0.055751811737537404
geoprr_minus_efficientnet_b0,syncg,perspective_moderate,compare row-mean errors within each source group after averaging source-seed errors,144,0,1,0.993103448275862,-0.5807749071563121
geoprr_minus_efficientnet_b0,syncg,perspective_severe,compare row-mean errors within each source group after averaging source-seed errors,145,0,0,1.0,-1.9971236689404266
geoprr_minus_efficientnet_b0,syncg,combined_severe,compare row-mean errors within each source group after averaging source-seed errors,145,0,0,1.0,-2.0627841431797913
geoprr_minus_efficientnet_b0,syncg,perspective_pair,compare row-mean errors within each source group after averaging source-seed errors,145,0,0,1.0,-1.2868191666511901
geoprr_minus_efficientnet_b0,syncg,projective_three,compare row-mean errors within each source group after averaging source-seed errors,145,0,0,1.0,-1.5467064653190359
geoprr_minus_mobilenet_v3_large,syncg,all_conditions,compare row-mean errors within each source group after averaging source-seed errors,145,0,0,1.0,-1.3658716832110287
geoprr_minus_mobilenet_v3_large,syncg,clean,compare row-mean errors within each source group after averaging source-seed errors,73,0,72,0.503448275862069,-0.0003788142842836194
geoprr_minus_mobilenet_v3_large,syncg,blur_moderate,compare row-mean errors within each source group after averaging source-seed errors,71,0,74,0.4896551724137931,0.004288901659251817
geoprr_minus_mobilenet_v3_large,syncg,blur_severe,compare row-mean errors within each source group after averaging source-seed errors,68,0,77,0.4689655172413793,0.005590800333847568
geoprr_minus_mobilenet_v3_large,syncg,perspective_moderate,compare row-mean errors within each source group after averaging source-seed errors,144,0,1,0.993103448275862,-0.7657456310254896
geoprr_minus_mobilenet_v3_large,syncg,perspective_severe,compare row-mean errors within each source group after averaging source-seed errors,145,0,0,1.0,-3.6300950577949798
geoprr_minus_mobilenet_v3_large,syncg,combined_severe,compare row-mean errors within each source group after averaging source-seed errors,145,0,0,1.0,-3.715301864685268
geoprr_minus_mobilenet_v3_large,syncg,perspective_pair,compare row-mean errors within each source group after averaging source-seed errors,145,0,0,1.0,-2.218494094231792
geoprr_minus_mobilenet_v3_large,syncg,projective_three,compare row-mean errors within each source group after averaging source-seed errors,145,0,0,1.0,-2.726022285742822
geoprr_minus_yolo,syncg,all_conditions,compare row-mean errors within each source group after averaging source-seed errors,145,0,0,1.0,-4.901527867197024
geoprr_minus_yolo,syncg,clean,compare row-mean errors within each source group after averaging source-seed errors,11,0,134,0.07586206896551724,0.1603351905292993
geoprr_minus_yolo,syncg,blur_moderate,compare row-mean errors within each source group after averaging source-seed errors,14,0,131,0.09655172413793103,0.16063726672439976
geoprr_minus_yolo,syncg,blur_severe,compare row-mean errors within each source group after averaging source-seed errors,30,0,115,0.20689655172413793,0.10073547545042338
geoprr_minus_yolo,syncg,perspective_moderate,compare row-mean errors within each source group after averaging source-seed errors,141,0,4,0.9724137931034482,-0.7579821611261344
geoprr_minus_yolo,syncg,perspective_severe,compare row-mean errors within each source group after averaging source-seed errors,145,0,0,1.0,-11.926161426901873
geoprr_minus_yolo,syncg,combined_severe,compare row-mean errors within each source group after averaging source-seed errors,145,0,0,1.0,-16.424608190250524
geoprr_minus_yolo,syncg,perspective_pair,compare row-mean errors within each source group after averaging source-seed errors,145,0,0,1.0,-6.42585400181442
geoprr_minus_yolo,syncg,projective_three,compare row-mean errors within each source group after averaging source-seed errors,145,0,0,1.0,-9.874357212830354
geoprr_minus_vdn,syncg,all_conditions,compare row-mean errors within each source group after averaging source-seed errors,145,0,0,1.0,-4.133787538416097
geoprr_minus_vdn,syncg,clean,compare row-mean errors within each source group after averaging source-seed errors,128,0,17,0.8827586206896552,-0.2504796893745309
geoprr_minus_vdn,syncg,blur_moderate,compare row-mean errors within each source group after averaging source-seed errors,128,0,17,0.8827586206896552,-0.24044872587851382
geoprr_minus_vdn,syncg,blur_severe,compare row-mean errors within each source group after averaging source-seed errors,138,0,7,0.9517241379310345,-0.3861296641378299
geoprr_minus_vdn,syncg,perspective_moderate,compare row-mean errors within each source group after averaging source-seed errors,135,0,10,0.9310344827586207,-0.427989848366817
geoprr_minus_vdn,syncg,perspective_severe,compare row-mean errors within each source group after averaging source-seed errors,145,0,0,1.0,-9.165911050870662
geoprr_minus_vdn,syncg,combined_severe,compare row-mean errors within each source group after averaging source-seed errors,145,0,0,1.0,-13.739877623778456
geoprr_minus_vdn,syncg,perspective_pair,compare row-mean errors within each source group after averaging source-seed errors,145,0,0,1.0,-4.963081910615567
geoprr_minus_vdn,syncg,projective_three,compare row-mean errors within each source group after averaging source-seed errors,145,0,0,1.0,-7.918586839457988
geoprr_minus_deeplab,syncg,all_conditions,compare row-mean errors within each source group after averaging source-seed errors,145,0,0,1.0,-9.43142464579536
geoprr_minus_deeplab,syncg,clean,compare row-mean errors within each source group after averaging source-seed errors,8,0,137,0.05517241379310345,0.2580120521133501
geoprr_minus_deeplab,syncg,blur_moderate,compare row-mean errors within each source group after averaging source-seed errors,8,0,137,0.05517241379310345,0.2536000779962978
geoprr_minus_deeplab,syncg,blur_severe,compare row-mean errors within each source group after averaging source-seed errors,14,0,131,0.09655172413793103,0.18058752472098072
geoprr_minus_deeplab,syncg,perspective_moderate,compare row-mean errors within each source group after averaging source-seed errors,142,0,3,0.9793103448275862,-0.9024900549779863
geoprr_minus_deeplab,syncg,perspective_severe,compare row-mean errors within each source group after averaging source-seed errors,145,0,0,1.0,-24.784341892169415
geoprr_minus_deeplab,syncg,combined_severe,compare row-mean errors within each source group after averaging source-seed errors,145,0,0,1.0,-30.719080187603193
geoprr_minus_deeplab,syncg,perspective_pair,compare row-mean errors within each source group after averaging source-seed errors,145,0,0,1.0,-12.96817773006739
geoprr_minus_deeplab,syncg,projective_three,compare row-mean errors within each source group after averaging source-seed errors,145,0,0,1.0,-19.145431859378217
resnet18_sarn_minus_raw,syncg,all_conditions,compare row-mean errors within each source group after averaging source-seed errors,145,0,0,1.0,-1.1306426291417533
resnet18_sarn_minus_raw,syncg,clean,compare row-mean errors within each source group after averaging source-seed errors,0,145,0,0.0,0.0
resnet18_sarn_minus_raw,syncg,blur_moderate,compare row-mean errors within each source group after averaging source-seed errors,0,145,0,0.0,0.0
resnet18_sarn_minus_raw,syncg,blur_severe,compare row-mean errors within each source group after averaging source-seed errors,0,145,0,0.0,0.0
resnet18_sarn_minus_raw,syncg,perspective_moderate,compare row-mean errors within each source group after averaging source-seed errors,142,0,3,0.9793103448275862,-0.3813610875549718
resnet18_sarn_minus_raw,syncg,perspective_severe,compare row-mean errors within each source group after averaging source-seed errors,145,0,0,1.0,-3.0176934195041416
resnet18_sarn_minus_raw,syncg,combined_severe,compare row-mean errors within each source group after averaging source-seed errors,145,0,0,1.0,-3.292098274250425
resnet18_sarn_minus_raw,syncg,perspective_pair,compare row-mean errors within each source group after averaging source-seed errors,145,0,0,1.0,-1.7169791094309137
resnet18_sarn_minus_raw,syncg,projective_three,compare row-mean errors within each source group after averaging source-seed errors,145,0,0,1.0,-2.261285258283506
efficientnet_b0_sarn_minus_raw,syncg,all_conditions,compare row-mean errors within each source group after averaging source-seed errors,143,0,2,0.9862068965517241,-0.42929087186001974
efficientnet_b0_sarn_minus_raw,syncg,clean,compare row-mean errors within each source group after averaging source-seed errors,0,145,0,0.0,0.0
efficientnet_b0_sarn_minus_raw,syncg,blur_moderate,compare row-mean errors within each source group after averaging source-seed errors,0,145,0,0.0,0.0
efficientnet_b0_sarn_minus_raw,syncg,blur_severe,compare row-mean errors within each source group after averaging source-seed errors,0,145,0,0.0,0.0
efficientnet_b0_sarn_minus_raw,syncg,perspective_moderate,compare row-mean errors within each source group after averaging source-seed errors,129,0,16,0.8896551724137931,-0.2045925490747078
efficientnet_b0_sarn_minus_raw,syncg,perspective_severe,compare row-mean errors within each source group after averaging source-seed errors,143,0,2,0.9862068965517241,-1.1736820666489838
efficientnet_b0_sarn_minus_raw,syncg,combined_severe,compare row-mean errors within each source group after averaging source-seed errors,143,0,2,0.9862068965517241,-1.1804464154859236
efficientnet_b0_sarn_minus_raw,syncg,perspective_pair,compare row-mean errors within each source group after averaging source-seed errors,143,0,2,0.9862068965517241,-0.6869243786437522
efficientnet_b0_sarn_minus_raw,syncg,projective_three,compare row-mean errors within each source group after averaging source-seed errors,143,0,2,0.9862068965517241,-0.8585817437200383
mobilenet_v3_large_sarn_minus_raw,syncg,all_conditions,compare row-mean errors within each source group after averaging source-seed errors,145,0,0,1.0,-0.9371022499610477
mobilenet_v3_large_sarn_minus_raw,syncg,clean,compare row-mean errors within each source group after averaging source-seed errors,0,145,0,0.0,0.0
mobilenet_v3_large_sarn_minus_raw,syncg,blur_moderate,compare row-mean errors within each source group after averaging source-seed errors,0,145,0,0.0,0.0
mobilenet_v3_large_sarn_minus_raw,syncg,blur_severe,compare row-mean errors within each source group after averaging source-seed errors,0,145,0,0.0,0.0
mobilenet_v3_large_sarn_minus_raw,syncg,perspective_moderate,compare row-mean errors within each source group after averaging source-seed errors,136,0,9,0.9379310344827586,-0.31853873702202107
mobilenet_v3_large_sarn_minus_raw,syncg,perspective_severe,compare row-mean errors within each source group after averaging source-seed errors,145,0,0,1.0,-2.576763778301822
mobilenet_v3_large_sarn_minus_raw,syncg,combined_severe,compare row-mean errors within each source group after averaging source-seed errors,145,0,0,1.0,-2.690797098425127
mobilenet_v3_large_sarn_minus_raw,syncg,perspective_pair,compare row-mean errors within each source group after averaging source-seed errors,145,0,0,1.0,-1.4425038397591123
mobilenet_v3_large_sarn_minus_raw,syncg,projective_three,compare row-mean errors within each source group after averaging source-seed errors,145,0,0,1.0,-1.874204499922096
geoprr_minus_resnet18,rf100,all_conditions,compare row-mean errors within each source group after averaging source-seed errors,27,0,8,0.7714285714285715,-1.5495157178863908
geoprr_minus_resnet18,rf100,clean,compare row-mean errors within each source group after averaging source-seed errors,19,0,16,0.5428571428571428,-0.41013360023498535
geoprr_minus_resnet18,rf100,blur_moderate,compare row-mean errors within each source group after averaging source-seed errors,19,0,16,0.5428571428571428,-0.4824212771377864
geoprr_minus_resnet18,rf100,blur_severe,compare row-mean errors within each source group after averaging source-seed errors,19,0,16,0.5428571428571428,-0.5967456733516039
geoprr_minus_resnet18,rf100,perspective_moderate,compare row-mean errors within each source group after averaging source-seed errors,25,0,10,0.7142857142857143,-0.8177781213194297
geoprr_minus_resnet18,rf100,perspective_severe,compare row-mean errors within each source group after averaging source-seed errors,30,0,5,0.8571428571428571,-4.51484577057264
geoprr_minus_resnet18,rf100,combined_severe,compare row-mean errors within each source group after averaging source-seed errors,32,0,3,0.9142857142857143,-5.3285871942838074
geoprr_minus_resnet18,rf100,perspective_pair,compare row-mean errors within each source group after averaging source-seed errors,28,0,7,0.8,-2.0543438692887634
geoprr_minus_resnet18,rf100,projective_three,compare row-mean errors within each source group after averaging source-seed errors,31,0,4,0.8857142857142857,-3.4014367394977145
geoprr_minus_efficientnet_b0,rf100,all_conditions,compare row-mean errors within each source group after averaging source-seed errors,24,0,11,0.6857142857142857,-0.9242664606599773
geoprr_minus_efficientnet_b0,rf100,clean,compare row-mean errors within each source group after averaging source-seed errors,5,0,30,0.14285714285714285,0.8289202629154224
geoprr_minus_efficientnet_b0,rf100,blur_moderate,compare row-mean errors within each source group after averaging source-seed errors,5,0,30,0.14285714285714285,0.7087181011835735
geoprr_minus_efficientnet_b0,rf100,blur_severe,compare row-mean errors within each source group after averaging source-seed errors,8,0,27,0.22857142857142856,0.6348053614298503
geoprr_minus_efficientnet_b0,rf100,perspective_moderate,compare row-mean errors within each source group after averaging source-seed errors,19,0,16,0.5428571428571428,-0.2393026926188
geoprr_minus_efficientnet_b0,rf100,perspective_severe,compare row-mean errors within each source group after averaging source-seed errors,26,0,9,0.7428571428571429,-2.677797401257887
geoprr_minus_efficientnet_b0,rf100,combined_severe,compare row-mean errors within each source group after averaging source-seed errors,29,0,6,0.8285714285714286,-2.743460372764968
geoprr_minus_efficientnet_b0,rf100,perspective_pair,compare row-mean errors within each source group after averaging source-seed errors,26,0,9,0.7428571428571429,-1.3222124262706374
geoprr_minus_efficientnet_b0,rf100,projective_three,compare row-mean errors within each source group after averaging source-seed errors,27,0,8,0.7714285714285715,-2.055199014183558
geoprr_minus_mobilenet_v3_large,rf100,all_conditions,compare row-mean errors within each source group after averaging source-seed errors,29,0,6,0.8285714285714286,-1.9120213510722124
geoprr_minus_mobilenet_v3_large,rf100,clean,compare row-mean errors within each source group after averaging source-seed errors,16,0,19,0.45714285714285713,0.15930370262779245
geoprr_minus_mobilenet_v3_large,rf100,blur_moderate,compare row-mean errors within each source group after averaging source-seed errors,15,0,20,0.42857142857142855,0.2302312430890149
geoprr_minus_mobilenet_v3_large,rf100,blur_severe,compare row-mean errors within each source group after averaging source-seed errors,16,0,19,0.45714285714285713,0.1771320899327596
geoprr_minus_mobilenet_v3_large,rf100,perspective_moderate,compare row-mean errors within each source group after averaging source-seed errors,24,0,11,0.6857142857142857,-0.8120153725395431
geoprr_minus_mobilenet_v3_large,rf100,perspective_severe,compare row-mean errors within each source group after averaging source-seed errors,31,0,4,0.8857142857142857,-5.6051770846048985
geoprr_minus_mobilenet_v3_large,rf100,combined_severe,compare row-mean errors within each source group after averaging source-seed errors,31,0,4,0.8857142857142857,-5.848389069747044
geoprr_minus_mobilenet_v3_large,rf100,perspective_pair,compare row-mean errors within each source group after averaging source-seed errors,30,0,5,0.8571428571428571,-3.208596228572221
geoprr_minus_mobilenet_v3_large,rf100,projective_three,compare row-mean errors within each source group after averaging source-seed errors,30,0,5,0.8571428571428571,-3.744095591012907
geoprr_minus_yolo,rf100,all_conditions,compare row-mean errors within each source group after averaging source-seed errors,33,0,2,0.9428571428571428,-10.16906615664414
geoprr_minus_yolo,rf100,clean,compare row-mean errors within each source group after averaging source-seed errors,25,0,10,0.7142857142857143,-1.6102726585612113
geoprr_minus_yolo,rf100,blur_moderate,compare row-mean errors within each source group after averaging source-seed errors,24,0,11,0.6857142857142857,-1.536037524541219
geoprr_minus_yolo,rf100,blur_severe,compare row-mean errors within each source group after averaging source-seed errors,28,0,7,0.8,-2.488496646420231
geoprr_minus_yolo,rf100,perspective_moderate,compare row-mean errors within each source group after averaging source-seed errors,30,0,5,0.8571428571428571,-5.675129095713298
geoprr_minus_yolo,rf100,perspective_severe,compare row-mean errors within each source group after averaging source-seed errors,34,0,1,0.9714285714285714,-22.301323481553602
geoprr_minus_yolo,rf100,combined_severe,compare row-mean errors within each source group after averaging source-seed errors,35,0,0,1.0,-29.360020564183575
geoprr_minus_yolo,rf100,perspective_pair,compare row-mean errors within each source group after averaging source-seed errors,34,0,1,0.9714285714285714,-15.890281381528002
geoprr_minus_yolo,rf100,projective_three,compare row-mean errors within each source group after averaging source-seed errors,35,0,0,1.0,-20.127691494273456
geoprr_minus_vdn,rf100,all_conditions,compare row-mean errors within each source group after averaging source-seed errors,32,0,3,0.9142857142857143,-13.73468399613594
geoprr_minus_vdn,rf100,clean,compare row-mean errors within each source group after averaging source-seed errors,29,0,6,0.8285714285714286,-5.129638068662592
geoprr_minus_vdn,rf100,blur_moderate,compare row-mean errors within each source group after averaging source-seed errors,30,0,5,0.8571428571428571,-4.930637324403851
geoprr_minus_vdn,rf100,blur_severe,compare row-mean errors within each source group after averaging source-seed errors,29,0,6,0.8285714285714286,-8.588737022308868
geoprr_minus_vdn,rf100,perspective_moderate,compare row-mean errors within each source group after averaging source-seed errors,29,0,6,0.8285714285714286,-4.424931990945223
geoprr_minus_vdn,rf100,perspective_severe,compare row-mean errors within each source group after averaging source-seed errors,31,0,4,0.8857142857142857,-17.471955453287066
geoprr_minus_vdn,rf100,combined_severe,compare row-mean errors within each source group after averaging source-seed errors,32,0,3,0.9142857142857143,-26.952467732998127
geoprr_minus_vdn,rf100,perspective_pair,compare row-mean errors within each source group after averaging source-seed errors,32,0,3,0.9142857142857143,-15.259937576419386
geoprr_minus_vdn,rf100,projective_three,compare row-mean errors within each source group after averaging source-seed errors,34,0,1,0.9714285714285714,-16.88451270558128
geoprr_minus_deeplab,rf100,all_conditions,compare row-mean errors within each source group after averaging source-seed errors,34,0,1,0.9714285714285714,-24.712317875075843
geoprr_minus_deeplab,rf100,clean,compare row-mean errors within each source group after averaging source-seed errors,27,0,8,0.7714285714285715,-3.0960903785950697
geoprr_minus_deeplab,rf100,blur_moderate,compare row-mean errors within each source group after averaging source-seed errors,26,0,9,0.7428571428571429,-3.2520246373476613
geoprr_minus_deeplab,rf100,blur_severe,compare row-mean errors within each source group after averaging source-seed errors,30,0,5,0.8571428571428571,-4.795538385709125
geoprr_minus_deeplab,rf100,perspective_moderate,compare row-mean errors within each source group after averaging source-seed errors,32,0,3,0.9142857142857143,-19.74447416816847
geoprr_minus_deeplab,rf100,perspective_severe,compare row-mean errors within each source group after averaging source-seed errors,34,0,1,0.9714285714285714,-47.8950011531803
geoprr_minus_deeplab,rf100,combined_severe,compare row-mean errors within each source group after averaging source-seed errors,35,0,0,1.0,-53.06615906956722
geoprr_minus_deeplab,rf100,perspective_pair,compare row-mean errors within each source group after averaging source-seed errors,35,0,0,1.0,-31.67180101992693
geoprr_minus_deeplab,rf100,projective_three,compare row-mean errors within each source group after averaging source-seed errors,35,0,0,1.0,-36.19876045379328
resnet18_sarn_minus_raw,rf100,all_conditions,compare row-mean errors within each source group after averaging source-seed errors,27,0,8,0.7714285714285715,-1.0710336890568277
resnet18_sarn_minus_raw,rf100,clean,compare row-mean errors within each source group after averaging source-seed errors,0,35,0,0.0,0.0
resnet18_sarn_minus_raw,rf100,blur_moderate,compare row-mean errors within each source group after averaging source-seed errors,0,35,0,0.0,0.0
resnet18_sarn_minus_raw,rf100,blur_severe,compare row-mean errors within each source group after averaging source-seed errors,0,35,0,0.0,0.0
resnet18_sarn_minus_raw,rf100,perspective_moderate,compare row-mean errors within each source group after averaging source-seed errors,21,0,14,0.6,-0.13266007105509453
resnet18_sarn_minus_raw,rf100,perspective_severe,compare row-mean errors within each source group after averaging source-seed errors,29,0,6,0.8285714285714286,-2.9136016626419887
resnet18_sarn_minus_raw,rf100,combined_severe,compare row-mean errors within each source group after averaging source-seed errors,29,0,6,0.8285714285714286,-3.2743583122889204
resnet18_sarn_minus_raw,rf100,perspective_pair,compare row-mean errors within each source group after averaging source-seed errors,28,0,7,0.8,-1.831115692351904
resnet18_sarn_minus_raw,rf100,projective_three,compare row-mean errors within each source group after averaging source-seed errors,27,0,8,0.7714285714285715,-2.1420673781136554
efficientnet_b0_sarn_minus_raw,rf100,all_conditions,compare row-mean errors within each source group after averaging source-seed errors,34,0,1,0.9714285714285714,-1.0445740375009596
efficientnet_b0_sarn_minus_raw,rf100,clean,compare row-mean errors within each source group after averaging source-seed errors,0,35,0,0.0,0.0
efficientnet_b0_sarn_minus_raw,rf100,blur_moderate,compare row-mean errors within each source group after averaging source-seed errors,0,35,0,0.0,0.0
efficientnet_b0_sarn_minus_raw,rf100,blur_severe,compare row-mean errors within each source group after averaging source-seed errors,0,35,0,0.0,0.0
efficientnet_b0_sarn_minus_raw,rf100,perspective_moderate,compare row-mean errors within each source group after averaging source-seed errors,29,0,6,0.8285714285714286,-0.8203635005015614
efficientnet_b0_sarn_minus_raw,rf100,perspective_severe,compare row-mean errors within each source group after averaging source-seed errors,32,0,3,0.9142857142857143,-3.024266498530352
efficientnet_b0_sarn_minus_raw,rf100,combined_severe,compare row-mean errors within each source group after averaging source-seed errors,34,0,1,0.9714285714285714,-2.922823590536912
efficientnet_b0_sarn_minus_raw,rf100,perspective_pair,compare row-mean errors within each source group after averaging source-seed errors,33,0,2,0.9428571428571428,-1.9051037559540205
efficientnet_b0_sarn_minus_raw,rf100,projective_three,compare row-mean errors within each source group after averaging source-seed errors,34,0,1,0.9714285714285714,-2.089148075001919
mobilenet_v3_large_sarn_minus_raw,rf100,all_conditions,compare row-mean errors within each source group after averaging source-seed errors,34,0,1,0.9714285714285714,-2.201137188870157
mobilenet_v3_large_sarn_minus_raw,rf100,clean,compare row-mean errors within each source group after averaging source-seed errors,0,35,0,0.0,0.0
mobilenet_v3_large_sarn_minus_raw,rf100,blur_moderate,compare row-mean errors within each source group after averaging source-seed errors,0,35,0,0.0,0.0
mobilenet_v3_large_sarn_minus_raw,rf100,blur_severe,compare row-mean errors within each source group after averaging source-seed errors,0,35,0,0.0,0.0
mobilenet_v3_large_sarn_minus_raw,rf100,perspective_moderate,compare row-mean errors within each source group after averaging source-seed errors,27,0,8,0.7714285714285715,-0.9906098246574395
mobilenet_v3_large_sarn_minus_raw,rf100,perspective_severe,compare row-mean errors within each source group after averaging source-seed errors,34,0,1,0.9714285714285714,-6.42451937288655
mobilenet_v3_large_sarn_minus_raw,rf100,combined_severe,compare row-mean errors within each source group after averaging source-seed errors,32,0,3,0.9142857142857143,-6.8151651561198765
mobilenet_v3_large_sarn_minus_raw,rf100,perspective_pair,compare row-mean errors within each source group after averaging source-seed errors,34,0,1,0.9714285714285714,-3.7326682877906645
mobilenet_v3_large_sarn_minus_raw,rf100,projective_three,compare row-mean errors within each source group after averaging source-seed errors,34,0,1,0.9714285714285714,-4.402274377740314
geoprr_minus_resnet18,industrial,all_conditions,compare row-mean errors within each source group after averaging source-seed errors,42,0,10,0.8076923076923077,-4.1131559325810665
geoprr_minus_resnet18,industrial,clean,compare row-mean errors within each source group after averaging source-seed errors,33,0,19,0.6346153846153846,-1.1613772688737884
geoprr_minus_resnet18,industrial,blur_moderate,compare row-mean errors within each source group after averaging source-seed errors,31,0,21,0.5961538461538461,-0.8786103503019742
geoprr_minus_resnet18,industrial,blur_severe,compare row-mean errors within each source group after averaging source-seed errors,29,0,23,0.5576923076923077,-1.3117356008505117
geoprr_minus_resnet18,industrial,perspective_moderate,compare row-mean errors within each source group after averaging source-seed errors,44,0,8,0.8461538461538461,-3.24978609094324
geoprr_minus_resnet18,industrial,perspective_severe,compare row-mean errors within each source group after averaging source-seed errors,45,0,7,0.8653846153846154,-10.074180446495845
geoprr_minus_resnet18,industrial,combined_severe,compare row-mean errors within each source group after averaging source-seed errors,45,0,7,0.8653846153846154,-10.710692515023258
geoprr_minus_resnet18,industrial,perspective_pair,compare row-mean errors within each source group after averaging source-seed errors,45,0,7,0.8653846153846154,-6.37372083582191
geoprr_minus_resnet18,industrial,projective_three,compare row-mean errors within each source group after averaging source-seed errors,45,0,7,0.8653846153846154,-7.338422825999883
geoprr_minus_efficientnet_b0,industrial,all_conditions,compare row-mean errors within each source group after averaging source-seed errors,46,0,6,0.8846153846153846,-1.799654346929732
geoprr_minus_efficientnet_b0,industrial,clean,compare row-mean errors within each source group after averaging source-seed errors,31,0,21,0.5961538461538461,-0.45941000991509956
geoprr_minus_efficientnet_b0,industrial,blur_moderate,compare row-mean errors within each source group after averaging source-seed errors,33,0,19,0.6346153846153846,-0.6674616931708712
geoprr_minus_efficientnet_b0,industrial,blur_severe,compare row-mean errors within each source group after averaging source-seed errors,31,0,21,0.5961538461538461,-0.33655520393493077
geoprr_minus_efficientnet_b0,industrial,perspective_moderate,compare row-mean errors within each source group after averaging source-seed errors,37,0,15,0.7115384615384616,-0.9745215194023864
geoprr_minus_efficientnet_b0,industrial,perspective_severe,compare row-mean errors within each source group after averaging source-seed errors,47,0,5,0.9038461538461539,-4.833551198230619
geoprr_minus_efficientnet_b0,industrial,combined_severe,compare row-mean errors within each source group after averaging source-seed errors,43,0,9,0.8269230769230769,-3.7085509012842692
geoprr_minus_efficientnet_b0,industrial,perspective_pair,compare row-mean errors within each source group after averaging source-seed errors,48,0,4,0.9230769230769231,-2.8488332286448825
geoprr_minus_efficientnet_b0,industrial,projective_three,compare row-mean errors within each source group after averaging source-seed errors,47,0,5,0.9038461538461539,-3.063563955933991
geoprr_minus_mobilenet_v3_large,industrial,all_conditions,compare row-mean errors within each source group after averaging source-seed errors,35,0,17,0.6730769230769231,-2.730715517613512
geoprr_minus_mobilenet_v3_large,industrial,clean,compare row-mean errors within each source group after averaging source-seed errors,23,0,29,0.4423076923076923,0.1515763369114973
geoprr_minus_mobilenet_v3_large,industrial,blur_moderate,compare row-mean errors within each source group after averaging source-seed errors,26,0,26,0.5,-0.04391863450927748
geoprr_minus_mobilenet_v3_large,industrial,blur_severe,compare row-mean errors within each source group after averaging source-seed errors,28,0,24,0.5384615384615384,-0.46891687375362745
geoprr_minus_mobilenet_v3_large,industrial,perspective_moderate,compare row-mean errors within each source group after averaging source-seed errors,31,0,21,0.5961538461538461,-1.0010989091193014
geoprr_minus_mobilenet_v3_large,industrial,perspective_severe,compare row-mean errors within each source group after averaging source-seed errors,36,0,16,0.6923076923076923,-5.308723528323371
geoprr_minus_mobilenet_v3_large,industrial,combined_severe,compare row-mean errors within each source group after averaging source-seed errors,33,0,19,0.6346153846153846,-5.260125363394028
geoprr_minus_mobilenet_v3_large,industrial,perspective_pair,compare row-mean errors within each source group after averaging source-seed errors,33,0,19,0.6346153846153846,-4.130212683192901
geoprr_minus_mobilenet_v3_large,industrial,projective_three,compare row-mean errors within each source group after averaging source-seed errors,33,0,19,0.6346153846153846,-4.630306505066287
geoprr_minus_yolo,industrial,all_conditions,compare row-mean errors within each source group after averaging source-seed errors,52,0,0,1.0,-21.89496351171423
geoprr_minus_yolo,industrial,clean,compare row-mean errors within each source group after averaging source-seed errors,45,0,7,0.8653846153846154,-8.354514357215862
geoprr_minus_yolo,industrial,blur_moderate,compare row-mean errors within each source group after averaging source-seed errors,42,0,10,0.8076923076923077,-7.534993060548193
geoprr_minus_yolo,industrial,blur_severe,compare row-mean errors within each source group after averaging source-seed errors,39,0,13,0.75,-6.955014658082899
geoprr_minus_yolo,industrial,perspective_moderate,compare row-mean errors within each source group after averaging source-seed errors,52,0,0,1.0,-26.016550213615922
geoprr_minus_yolo,industrial,perspective_severe,compare row-mean errors within each source group after averaging source-seed errors,52,0,0,1.0,-40.59613853458768
geoprr_minus_yolo,industrial,combined_severe,compare row-mean errors within each source group after averaging source-seed errors,52,0,0,1.0,-42.23514696682652
geoprr_minus_yolo,industrial,perspective_pair,compare row-mean errors within each source group after averaging source-seed errors,52,0,0,1.0,-31.317225338684192
geoprr_minus_yolo,industrial,projective_three,compare row-mean errors within each source group after averaging source-seed errors,52,0,0,1.0,-35.12212813395261
geoprr_minus_vdn,industrial,all_conditions,compare row-mean errors within each source group after averaging source-seed errors,52,0,0,1.0,-24.16809302476247
geoprr_minus_vdn,industrial,clean,compare row-mean errors within each source group after averaging source-seed errors,51,0,1,0.9807692307692307,-17.188996075962976
geoprr_minus_vdn,industrial,blur_moderate,compare row-mean errors within each source group after averaging source-seed errors,51,0,1,0.9807692307692307,-15.468517135403616
geoprr_minus_vdn,industrial,blur_severe,compare row-mean errors within each source group after averaging source-seed errors,50,0,2,0.9615384615384616,-13.389693044356989
geoprr_minus_vdn,industrial,perspective_moderate,compare row-mean errors within each source group after averaging source-seed errors,51,0,1,0.9807692307692307,-21.133611472336746
geoprr_minus_vdn,industrial,perspective_severe,compare row-mean errors within each source group after averaging source-seed errors,52,0,0,1.0,-39.13939618843573
geoprr_minus_vdn,industrial,combined_severe,compare row-mean errors within each source group after averaging source-seed errors,52,0,0,1.0,-40.45561105740279
geoprr_minus_vdn,industrial,perspective_pair,compare row-mean errors within each source group after averaging source-seed errors,52,0,0,1.0,-31.14773563118451
geoprr_minus_vdn,industrial,projective_three,compare row-mean errors within each source group after averaging source-seed errors,52,0,0,1.0,-33.474635356787914
geoprr_minus_deeplab,industrial,all_conditions,compare row-mean errors within each source group after averaging source-seed errors,52,0,0,1.0,-31.46207733159542
geoprr_minus_deeplab,industrial,clean,compare row-mean errors within each source group after averaging source-seed errors,41,0,11,0.7884615384615384,-5.674754988541578
geoprr_minus_deeplab,industrial,blur_moderate,compare row-mean errors within each source group after averaging source-seed errors,37,0,15,0.7115384615384616,-5.834413395514408
geoprr_minus_deeplab,industrial,blur_severe,compare row-mean errors within each source group after averaging source-seed errors,43,0,9,0.8269230769230769,-6.8038183059002435
geoprr_minus_deeplab,industrial,perspective_moderate,compare row-mean errors within each source group after averaging source-seed errors,52,0,0,1.0,-31.09440933125785
geoprr_minus_deeplab,industrial,perspective_severe,compare row-mean errors within each source group after averaging source-seed errors,52,0,0,1.0,-60.89978084573521
geoprr_minus_deeplab,industrial,combined_severe,compare row-mean errors within each source group after averaging source-seed errors,52,0,0,1.0,-61.35580405449638
geoprr_minus_deeplab,industrial,perspective_pair,compare row-mean errors within each source group after averaging source-seed errors,52,0,0,1.0,-47.391629615067174
geoprr_minus_deeplab,industrial,projective_three,compare row-mean errors within each source group after averaging source-seed errors,52,0,0,1.0,-51.85893364309332
resnet18_sarn_minus_raw,industrial,all_conditions,compare row-mean errors within each source group after averaging source-seed errors,41,0,11,0.7884615384615384,-2.000037710963171
resnet18_sarn_minus_raw,industrial,clean,compare row-mean errors within each source group after averaging source-seed errors,0,52,0,0.0,0.0
resnet18_sarn_minus_raw,industrial,blur_moderate,compare row-mean errors within each source group after averaging source-seed errors,0,52,0,0.0,0.0
resnet18_sarn_minus_raw,industrial,blur_severe,compare row-mean errors within each source group after averaging source-seed errors,0,52,0,0.0,0.0
resnet18_sarn_minus_raw,industrial,perspective_moderate,compare row-mean errors within each source group after averaging source-seed errors,44,0,8,0.8461538461538461,-2.175414515038332
resnet18_sarn_minus_raw,industrial,perspective_severe,compare row-mean errors within each source group after averaging source-seed errors,41,0,11,0.7884615384615384,-5.898024224572714
resnet18_sarn_minus_raw,industrial,combined_severe,compare row-mean errors within each source group after averaging source-seed errors,40,0,12,0.7692307692307693,-3.482924355400936
resnet18_sarn_minus_raw,industrial,perspective_pair,compare row-mean errors within each source group after averaging source-seed errors,45,0,7,0.8653846153846154,-3.9979637703754847
resnet18_sarn_minus_raw,industrial,projective_three,compare row-mean errors within each source group after averaging source-seed errors,41,0,11,0.7884615384615384,-4.000075421926356
efficientnet_b0_sarn_minus_raw,industrial,all_conditions,compare row-mean errors within each source group after averaging source-seed errors,40,0,12,0.7692307692307693,-1.2318638888280167
efficientnet_b0_sarn_minus_raw,industrial,clean,compare row-mean errors within each source group after averaging source-seed errors,0,52,0,0.0,0.0
efficientnet_b0_sarn_minus_raw,industrial,blur_moderate,compare row-mean errors within each source group after averaging source-seed errors,0,52,0,0.0,0.0
efficientnet_b0_sarn_minus_raw,industrial,blur_severe,compare row-mean errors within each source group after averaging source-seed errors,0,52,0,0.0,0.0
efficientnet_b0_sarn_minus_raw,industrial,perspective_moderate,compare row-mean errors within each source group after averaging source-seed errors,41,0,11,0.7884615384615384,-1.029233405936885
efficientnet_b0_sarn_minus_raw,industrial,perspective_severe,compare row-mean errors within each source group after averaging source-seed errors,40,0,12,0.7692307692307693,-2.9358546847186866
efficientnet_b0_sarn_minus_raw,industrial,combined_severe,compare row-mean errors within each source group after averaging source-seed errors,38,0,14,0.7307692307692307,-3.545303742120068
efficientnet_b0_sarn_minus_raw,industrial,perspective_pair,compare row-mean errors within each source group after averaging source-seed errors,41,0,11,0.7884615384615384,-1.9820134231795759
efficientnet_b0_sarn_minus_raw,industrial,projective_three,compare row-mean errors within each source group after averaging source-seed errors,40,0,12,0.7692307692307693,-2.463727777656041
mobilenet_v3_large_sarn_minus_raw,industrial,all_conditions,compare row-mean errors within each source group after averaging source-seed errors,33,0,19,0.6346153846153846,-0.48909042496291305
mobilenet_v3_large_sarn_minus_raw,industrial,clean,compare row-mean errors within each source group after averaging source-seed errors,0,52,0,0.0,0.0
mobilenet_v3_large_sarn_minus_raw,industrial,blur_moderate,compare row-mean errors within each source group after averaging source-seed errors,0,52,0,0.0,0.0
mobilenet_v3_large_sarn_minus_raw,industrial,blur_severe,compare row-mean errors within each source group after averaging source-seed errors,0,52,0,0.0,0.0
mobilenet_v3_large_sarn_minus_raw,industrial,perspective_moderate,compare row-mean errors within each source group after averaging source-seed errors,28,0,24,0.5384615384615384,-0.2874255792143966
mobilenet_v3_large_sarn_minus_raw,industrial,perspective_severe,compare row-mean errors within each source group after averaging source-seed errors,35,0,17,0.6730769230769231,-2.370726620571481
mobilenet_v3_large_sarn_minus_raw,industrial,combined_severe,compare row-mean errors within each source group after averaging source-seed errors,29,0,23,0.5576923076923077,-1.5910694599651374
mobilenet_v3_large_sarn_minus_raw,industrial,perspective_pair,compare row-mean errors within each source group after averaging source-seed errors,33,0,19,0.6346153846153846,-0.7717533234784402
mobilenet_v3_large_sarn_minus_raw,industrial,projective_three,compare row-mean errors within each source group after averaging source-seed errors,33,0,19,0.6346153846153846,-0.9781808499258087
vdn_annotation_minus_automatic,syncg,all_conditions,compare row-mean errors within each source group after averaging source-seed errors,145,0,0,1.0,-3.5173690295895517
vdn_annotation_minus_automatic,syncg,clean,compare row-mean errors within each source group after averaging source-seed errors,117,0,28,0.8068965517241379,-0.04359548835503315
vdn_annotation_minus_automatic,syncg,blur_moderate,compare row-mean errors within each source group after averaging source-seed errors,118,0,27,0.8137931034482758,-0.039513655572544326
vdn_annotation_minus_automatic,syncg,blur_severe,compare row-mean errors within each source group after averaging source-seed errors,129,0,16,0.8896551724137931,-0.08376802640503167
vdn_annotation_minus_automatic,syncg,perspective_moderate,compare row-mean errors within each source group after averaging source-seed errors,144,0,1,0.993103448275862,-0.3698039832277705
vdn_annotation_minus_automatic,syncg,perspective_severe,compare row-mean errors within each source group after averaging source-seed errors,145,0,0,1.0,-7.746806314623863
vdn_annotation_minus_automatic,syncg,combined_severe,compare row-mean errors within each source group after averaging source-seed errors,145,0,0,1.0,-12.270398412796467
vdn_annotation_minus_automatic,syncg,perspective_pair,compare row-mean errors within each source group after averaging source-seed errors,145,0,0,1.0,-4.078390247952737
vdn_annotation_minus_automatic,syncg,projective_three,compare row-mean errors within each source group after averaging source-seed errors,145,0,0,1.0,-6.9640246960335235
vdn_annotation_minus_automatic,rf100,all_conditions,compare row-mean errors within each source group after averaging source-seed errors,34,0,1,0.9714285714285714,-6.099519509428647
vdn_annotation_minus_automatic,rf100,clean,compare row-mean errors within each source group after averaging source-seed errors,23,0,12,0.6571428571428571,-0.5644712458556731
vdn_annotation_minus_automatic,rf100,blur_moderate,compare row-mean errors within each source group after averaging source-seed errors,22,0,13,0.6285714285714286,-0.5613865064260016
vdn_annotation_minus_automatic,rf100,blur_severe,compare row-mean errors within each source group after averaging source-seed errors,20,0,15,0.5714285714285714,-0.1885741949081421
vdn_annotation_minus_automatic,rf100,perspective_moderate,compare row-mean errors within each source group after averaging source-seed errors,32,0,3,0.9142857142857143,-0.8621264850565545
vdn_annotation_minus_automatic,rf100,perspective_severe,compare row-mean errors within each source group after averaging source-seed errors,31,1,3,0.8857142857142857,-10.289277588060445
vdn_annotation_minus_automatic,rf100,combined_severe,compare row-mean errors within each source group after averaging source-seed errors,33,0,2,0.9428571428571428,-15.785208448507943
vdn_annotation_minus_automatic,rf100,perspective_pair,compare row-mean errors within each source group after averaging source-seed errors,32,0,3,0.9142857142857143,-7.312852191556909
vdn_annotation_minus_automatic,rf100,projective_three,compare row-mean errors within each source group after averaging source-seed errors,33,0,2,0.9428571428571428,-10.70326533827389
deeplab_annotation_minus_automatic,syncg,all_conditions,compare row-mean errors within each source group after averaging source-seed errors,145,0,0,1.0,-7.3230482719217
deeplab_annotation_minus_automatic,syncg,clean,compare row-mean errors within each source group after averaging source-seed errors,145,0,0,1.0,-0.2473272851941458
deeplab_annotation_minus_automatic,syncg,blur_moderate,compare row-mean errors within each source group after averaging source-seed errors,145,0,0,1.0,-0.24831059025273292
deeplab_annotation_minus_automatic,syncg,blur_severe,compare row-mean errors within each source group after averaging source-seed errors,145,0,0,1.0,-0.3305145945060389
deeplab_annotation_minus_automatic,syncg,perspective_moderate,compare row-mean errors within each source group after averaging source-seed errors,142,0,3,0.9793103448275862,-0.8178051709685463
deeplab_annotation_minus_automatic,syncg,perspective_severe,compare row-mean errors within each source group after averaging source-seed errors,145,0,0,1.0,-18.168394587931775
deeplab_annotation_minus_automatic,syncg,combined_severe,compare row-mean errors within each source group after averaging source-seed errors,145,0,0,1.0,-23.87060778168977
deeplab_annotation_minus_automatic,syncg,perspective_pair,compare row-mean errors within each source group after averaging source-seed errors,145,0,0,1.0,-9.521146928110538
deeplab_annotation_minus_automatic,syncg,projective_three,compare row-mean errors within each source group after averaging source-seed errors,145,0,0,1.0,-14.352555541539786
deeplab_annotation_minus_automatic,rf100,all_conditions,compare row-mean errors within each source group after averaging source-seed errors,31,0,4,0.8857142857142857,-11.634967807939734
deeplab_annotation_minus_automatic,rf100,clean,compare row-mean errors within each source group after averaging source-seed errors,30,0,5,0.8571428571428571,-2.25679264952534
deeplab_annotation_minus_automatic,rf100,blur_moderate,compare row-mean errors within each source group after averaging source-seed errors,31,0,4,0.8857142857142857,-2.4682998657226562
deeplab_annotation_minus_automatic,rf100,blur_severe,compare row-mean errors within each source group after averaging source-seed errors,30,0,5,0.8571428571428571,-2.6334429506778294
deeplab_annotation_minus_automatic,rf100,perspective_moderate,compare row-mean errors within each source group after averaging source-seed errors,26,0,9,0.7428571428571429,-4.768734569903317
deeplab_annotation_minus_automatic,rf100,perspective_severe,compare row-mean errors within each source group after averaging source-seed errors,33,0,2,0.9428571428571428,-27.436118568032896
deeplab_annotation_minus_automatic,rf100,combined_severe,compare row-mean errors within each source group after averaging source-seed errors,30,0,5,0.8571428571428571,-21.899608487001927
deeplab_annotation_minus_automatic,rf100,perspective_pair,compare row-mean errors within each source group after averaging source-seed errors,29,0,6,0.8285714285714286,-16.686539432710983
deeplab_annotation_minus_automatic,rf100,projective_three,compare row-mean errors within each source group after averaging source-seed errors,30,0,5,0.8571428571428571,-19.7854047300558
geoprr_no_geometry_fusion_minus_full,syncg,all_conditions,compare row-mean errors within each source group after averaging source-seed errors,0,0,145,0.0,0.44896417426557605
geoprr_no_geometry_fusion_minus_full,syncg,clean,compare row-mean errors within each source group after averaging source-seed errors,86,0,59,0.593103448275862,-0.0012662650969366533
geoprr_no_geometry_fusion_minus_full,syncg,blur_moderate,compare row-mean errors within each source group after averaging source-seed errors,79,0,66,0.5448275862068965,-0.0007852485092977972
geoprr_no_geometry_fusion_minus_full,syncg,blur_severe,compare row-mean errors within each source group after averaging source-seed errors,75,0,70,0.5172413793103449,-0.0001446572714691113
geoprr_no_geometry_fusion_minus_full,syncg,perspective_moderate,compare row-mean errors within each source group after averaging source-seed errors,0,0,145,0.0,0.3921425890259106
geoprr_no_geometry_fusion_minus_full,syncg,perspective_severe,compare row-mean errors within each source group after averaging source-seed errors,0,0,145,0.0,1.152854378425149
geoprr_no_geometry_fusion_minus_full,syncg,combined_severe,compare row-mean errors within each source group after averaging source-seed errors,0,0,145,0.0,1.1341170077329805
geoprr_no_geometry_fusion_minus_full,syncg,perspective_pair,compare row-mean errors within each source group after averaging source-seed errors,0,0,145,0.0,0.7666819678090626
geoprr_no_geometry_fusion_minus_full,syncg,projective_three,compare row-mean errors within each source group after averaging source-seed errors,0,0,145,0.0,0.9012374349309075
geoprr_no_polar_evidence_minus_full,syncg,all_conditions,compare row-mean errors within each source group after averaging source-seed errors,70,0,75,0.4827586206896552,0.0019222882920465303
geoprr_no_polar_evidence_minus_full,syncg,clean,compare row-mean errors within each source group after averaging source-seed errors,7,0,138,0.04827586206896552,0.041189335100524756
geoprr_no_polar_evidence_minus_full,syncg,blur_moderate,compare row-mean errors within each source group after averaging source-seed errors,8,0,137,0.05517241379310345,0.03893761931975159
geoprr_no_polar_evidence_minus_full,syncg,blur_severe,compare row-mean errors within each source group after averaging source-seed errors,9,0,136,0.06206896551724138,0.03823106567924269
geoprr_no_polar_evidence_minus_full,syncg,perspective_moderate,compare row-mean errors within each source group after averaging source-seed errors,110,0,35,0.7586206896551724,-0.022819046144762746
geoprr_no_polar_evidence_minus_full,syncg,perspective_severe,compare row-mean errors within each source group after averaging source-seed errors,120,0,25,0.8275862068965517,-0.03890119281865633
geoprr_no_polar_evidence_minus_full,syncg,combined_severe,compare row-mean errors within each source group after averaging source-seed errors,122,0,23,0.8413793103448276,-0.04039187596917722
geoprr_no_polar_evidence_minus_full,syncg,perspective_pair,compare row-mean errors within each source group after averaging source-seed errors,123,0,22,0.8482758620689655,-0.03366434630524085
geoprr_no_polar_evidence_minus_full,syncg,projective_three,compare row-mean errors within each source group after averaging source-seed errors,127,0,18,0.8758620689655172,-0.03653447436367941
geoprr_no_relational_transport_minus_full,syncg,all_conditions,compare row-mean errors within each source group after averaging source-seed errors,6,0,139,0.041379310344827586,0.049909763886301715
geoprr_no_relational_transport_minus_full,syncg,clean,compare row-mean errors within each source group after averaging source-seed errors,60,0,85,0.41379310344827586,0.001433975172831895
geoprr_no_relational_transport_minus_full,syncg,blur_moderate,compare row-mean errors within each source group after averaging source-seed errors,56,0,89,0.38620689655172413,0.0021449431187903446
geoprr_no_relational_transport_minus_full,syncg,blur_severe,compare row-mean errors within each source group after averaging source-seed errors,50,0,95,0.3448275862068966,0.0023391171329927257
geoprr_no_relational_transport_minus_full,syncg,perspective_moderate,compare row-mean errors within each source group after averaging source-seed errors,7,0,138,0.04827586206896552,0.051819549001031535
geoprr_no_relational_transport_minus_full,syncg,perspective_severe,compare row-mean errors within each source group after averaging source-seed errors,7,0,138,0.04827586206896552,0.10247118558266391
geoprr_no_relational_transport_minus_full,syncg,combined_severe,compare row-mean errors within each source group after averaging source-seed errors,8,0,137,0.05517241379310345,0.12764600728862735
geoprr_no_relational_transport_minus_full,syncg,perspective_pair,compare row-mean errors within each source group after averaging source-seed errors,4,0,141,0.027586206896551724,0.08450689559797575
geoprr_no_relational_transport_minus_full,syncg,projective_three,compare row-mean errors within each source group after averaging source-seed errors,6,0,139,0.041379310344827586,0.09826670946418742
geoprr_fixed_routing_minus_full,syncg,all_conditions,compare row-mean errors within each source group after averaging source-seed errors,0,0,145,0.0,0.12141173215198013
geoprr_fixed_routing_minus_full,syncg,clean,compare row-mean errors within each source group after averaging source-seed errors,11,0,134,0.07586206896551724,0.0170148706433417
geoprr_fixed_routing_minus_full,syncg,blur_moderate,compare row-mean errors within each source group after averaging source-seed errors,16,0,129,0.1103448275862069,0.015726639588784487
geoprr_fixed_routing_minus_full,syncg,blur_severe,compare row-mean errors within each source group after averaging source-seed errors,16,0,129,0.1103448275862069,0.01657420946820476
geoprr_fixed_routing_minus_full,syncg,perspective_moderate,compare row-mean errors within each source group after averaging source-seed errors,10,0,135,0.06896551724137931,0.05163868165573453
geoprr_fixed_routing_minus_full,syncg,perspective_severe,compare row-mean errors within each source group after averaging source-seed errors,2,0,143,0.013793103448275862,0.3129535528528678
geoprr_fixed_routing_minus_full,syncg,combined_severe,compare row-mean errors within each source group after averaging source-seed errors,1,0,144,0.006896551724137931,0.3401880230718457
geoprr_fixed_routing_minus_full,syncg,perspective_pair,compare row-mean errors within each source group after averaging source-seed errors,1,0,144,0.006896551724137931,0.1788275362136462
geoprr_fixed_routing_minus_full,syncg,projective_three,compare row-mean errors within each source group after averaging source-seed errors,0,0,145,0.0,0.23004435001451362
geoprr_no_geometry_fixed_routing_minus_full,syncg,all_conditions,compare row-mean errors within each source group after averaging source-seed errors,0,0,145,0.0,0.5641835261014349
geoprr_no_geometry_fixed_routing_minus_full,syncg,clean,compare row-mean errors within each source group after averaging source-seed errors,11,0,134,0.07586206896551724,0.0170148706433417
geoprr_no_geometry_fixed_routing_minus_full,syncg,blur_moderate,compare row-mean errors within each source group after averaging source-seed errors,16,0,129,0.1103448275862069,0.015726639588784487
geoprr_no_geometry_fixed_routing_minus_full,syncg,blur_severe,compare row-mean errors within each source group after averaging source-seed errors,16,0,129,0.1103448275862069,0.01657420946820476
geoprr_no_geometry_fixed_routing_minus_full,syncg,perspective_moderate,compare row-mean errors within each source group after averaging source-seed errors,0,0,145,0.0,0.4682295531337856
geoprr_no_geometry_fixed_routing_minus_full,syncg,perspective_severe,compare row-mean errors within each source group after averaging source-seed errors,0,0,145,0.0,1.44251425611196
geoprr_no_geometry_fixed_routing_minus_full,syncg,combined_severe,compare row-mean errors within each source group after averaging source-seed errors,0,0,145,0.0,1.4471324647055481
geoprr_no_geometry_fixed_routing_minus_full,syncg,perspective_pair,compare row-mean errors within each source group after averaging source-seed errors,0,0,145,0.0,0.963173390005657
geoprr_no_geometry_fixed_routing_minus_full,syncg,projective_three,compare row-mean errors within each source group after averaging source-seed errors,0,0,145,0.0,1.1134634627806315
geoprr_terminal_router_minus_full,syncg,all_conditions,compare row-mean errors within each source group after averaging source-seed errors,70,0,75,0.4827586206896552,0.00035356005644609514
geoprr_terminal_router_minus_full,syncg,clean,compare row-mean errors within each source group after averaging source-seed errors,119,0,26,0.8206896551724138,-0.006984918272399143
geoprr_terminal_router_minus_full,syncg,blur_moderate,compare row-mean errors within each source group after averaging source-seed errors,118,0,27,0.8137931034482758,-0.006805591736778963
geoprr_terminal_router_minus_full,syncg,blur_severe,compare row-mean errors within each source group after averaging source-seed errors,123,0,22,0.8482758620689655,-0.007471313189318947
geoprr_terminal_router_minus_full,syncg,perspective_moderate,compare row-mean errors within each source group after averaging source-seed errors,36,0,109,0.2482758620689655,0.004829821202212796
geoprr_terminal_router_minus_full,syncg,perspective_severe,compare row-mean errors within each source group after averaging source-seed errors,27,0,118,0.18620689655172415,0.006521984152955704
geoprr_terminal_router_minus_full,syncg,combined_severe,compare row-mean errors within each source group after averaging source-seed errors,33,0,112,0.22758620689655173,0.00902142464405021
geoprr_terminal_router_minus_full,syncg,perspective_pair,compare row-mean errors within each source group after averaging source-seed errors,23,0,122,0.15862068965517243,0.005580156544458913
geoprr_terminal_router_minus_full,syncg,projective_three,compare row-mean errors within each source group after averaging source-seed errors,18,0,127,0.12413793103448276,0.0063289499159714414
geoprr_adapted_minus_frozen,industrial,all_conditions,compare row-mean errors within each source group after averaging source-seed errors,50,0,2,0.9615384615384616,-9.965694028090029
geoprr_adapted_minus_frozen,industrial,clean,compare row-mean errors within each source group after averaging source-seed errors,50,0,2,0.9615384615384616,-9.453351695297492
geoprr_adapted_minus_frozen,industrial,blur_moderate,compare row-mean errors within each source group after averaging source-seed errors,50,0,2,0.9615384615384616,-9.994531644301281
geoprr_adapted_minus_frozen,industrial,blur_severe,compare row-mean errors within each source group after averaging source-seed errors,50,0,2,0.9615384615384616,-11.104164647121298
geoprr_adapted_minus_frozen,industrial,perspective_moderate,compare row-mean errors within each source group after averaging source-seed errors,50,0,2,0.9615384615384616,-9.48018059436477
geoprr_adapted_minus_frozen,industrial,perspective_severe,compare row-mean errors within each source group after averaging source-seed errors,50,0,2,0.9615384615384616,-10.513628354842593
geoprr_adapted_minus_frozen,industrial,combined_severe,compare row-mean errors within each source group after averaging source-seed errors,50,0,2,0.9615384615384616,-11.27920712158084
geoprr_adapted_minus_frozen,industrial,perspective_pair,compare row-mean errors within each source group after averaging source-seed errors,50,0,2,0.9615384615384616,-10.357447878102773
geoprr_adapted_minus_frozen,industrial,projective_three,compare row-mean errors within each source group after averaging source-seed errors,50,0,2,0.9615384615384616,-11.01349565890376
efficientnet_b0_adapted_minus_frozen,industrial,all_conditions,compare row-mean errors within each source group after averaging source-seed errors,51,0,1,0.9807692307692307,-13.155764499632028
efficientnet_b0_adapted_minus_frozen,industrial,clean,compare row-mean errors within each source group after averaging source-seed errors,47,0,5,0.9038461538461539,-12.800356768485573
efficientnet_b0_adapted_minus_frozen,industrial,blur_moderate,compare row-mean errors within each source group after averaging source-seed errors,47,0,5,0.9038461538461539,-13.412787888199087
efficientnet_b0_adapted_minus_frozen,industrial,blur_severe,compare row-mean errors within each source group after averaging source-seed errors,48,0,4,0.9230769230769231,-12.773105916687086
efficientnet_b0_adapted_minus_frozen,industrial,perspective_moderate,compare row-mean errors within each source group after averaging source-seed errors,50,0,2,0.9615384615384616,-11.464581345316535
efficientnet_b0_adapted_minus_frozen,industrial,perspective_severe,compare row-mean errors within each source group after averaging source-seed errors,51,0,1,0.9807692307692307,-13.061583821972212
efficientnet_b0_adapted_minus_frozen,industrial,combined_severe,compare row-mean errors within each source group after averaging source-seed errors,51,0,1,0.9807692307692307,-12.71826519444585
efficientnet_b0_adapted_minus_frozen,industrial,perspective_pair,compare row-mean errors within each source group after averaging source-seed errors,51,0,1,0.9807692307692307,-12.885671384352612
efficientnet_b0_adapted_minus_frozen,industrial,projective_three,compare row-mean errors within each source group after averaging source-seed errors,51,0,1,0.9807692307692307,-13.096458494612083
resnet18_adapted_minus_frozen,industrial,all_conditions,compare row-mean errors within each source group after averaging source-seed errors,50,0,2,0.9615384615384616,-12.80939682724851
resnet18_adapted_minus_frozen,industrial,clean,compare row-mean errors within each source group after averaging source-seed errors,49,0,3,0.9423076923076923,-11.118557157201899
resnet18_adapted_minus_frozen,industrial,blur_moderate,compare row-mean errors within each source group after averaging source-seed errors,49,0,3,0.9423076923076923,-11.294846283892792
resnet18_adapted_minus_frozen,industrial,blur_severe,compare row-mean errors within each source group after averaging source-seed errors,49,0,3,0.9423076923076923,-11.679406739357443
resnet18_adapted_minus_frozen,industrial,perspective_moderate,compare row-mean errors within each source group after averaging source-seed errors,51,0,1,0.9807692307692307,-12.69200937449932
resnet18_adapted_minus_frozen,industrial,perspective_severe,compare row-mean errors within each source group after averaging source-seed errors,50,0,2,0.9615384615384616,-14.544850336594713
resnet18_adapted_minus_frozen,industrial,combined_severe,compare row-mean errors within each source group after averaging source-seed errors,51,0,1,0.9807692307692307,-14.522020442618263
resnet18_adapted_minus_frozen,industrial,perspective_pair,compare row-mean errors within each source group after averaging source-seed errors,50,0,2,0.9615384615384616,-13.592768786475059
resnet18_adapted_minus_frozen,industrial,projective_three,compare row-mean errors within each source group after averaging source-seed errors,51,0,1,0.9807692307692307,-13.972233692321575
mobilenet_v3_large_adapted_minus_frozen,industrial,all_conditions,compare row-mean errors within each source group after averaging source-seed errors,51,0,1,0.9807692307692307,-11.454150982060856
mobilenet_v3_large_adapted_minus_frozen,industrial,clean,compare row-mean errors within each source group after averaging source-seed errors,49,0,3,0.9423076923076923,-10.811920096890793
mobilenet_v3_large_adapted_minus_frozen,industrial,blur_moderate,compare row-mean errors within each source group after averaging source-seed errors,49,0,3,0.9423076923076923,-10.86685739747352
mobilenet_v3_large_adapted_minus_frozen,industrial,blur_severe,compare row-mean errors within each source group after averaging source-seed errors,49,0,3,0.9423076923076923,-12.094397250763873
mobilenet_v3_large_adapted_minus_frozen,industrial,perspective_moderate,compare row-mean errors within each source group after averaging source-seed errors,50,0,2,0.9615384615384616,-9.490186423792931
mobilenet_v3_large_adapted_minus_frozen,industrial,perspective_severe,compare row-mean errors within each source group after averaging source-seed errors,52,0,0,1.0,-12.072321651137955
mobilenet_v3_large_adapted_minus_frozen,industrial,combined_severe,compare row-mean errors within each source group after averaging source-seed errors,52,0,0,1.0,-11.766192173378332
mobilenet_v3_large_adapted_minus_frozen,industrial,perspective_pair,compare row-mean errors within each source group after averaging source-seed errors,51,0,1,0.9807692307692307,-10.515200503170488
mobilenet_v3_large_adapted_minus_frozen,industrial,projective_three,compare row-mean errors within each source group after averaging source-seed errors,52,0,0,1.0,-11.157282795550092
geoprr_adapted_minus_efficientnet_b0_adapted,industrial,all_conditions,compare row-mean errors within each source group after averaging source-seed errors,44,0,8,0.8461538461538461,-0.3751657100612208
geoprr_adapted_minus_efficientnet_b0_adapted,industrial,clean,compare row-mean errors within each source group after averaging source-seed errors,30,0,22,0.5769230769230769,-0.05246453994261918
geoprr_adapted_minus_efficientnet_b0_adapted,industrial,blur_moderate,compare row-mean errors within each source group after averaging source-seed errors,30,0,22,0.5769230769230769,-0.09989401648261183
geoprr_adapted_minus_efficientnet_b0_adapted,industrial,blur_severe,compare row-mean errors within each source group after averaging source-seed errors,30,0,22,0.5769230769230769,-0.15996594087311822
geoprr_adapted_minus_efficientnet_b0_adapted,industrial,perspective_moderate,compare row-mean errors within each source group after averaging source-seed errors,35,0,17,0.6730769230769231,-0.21041266702943334
geoprr_adapted_minus_efficientnet_b0_adapted,industrial,perspective_severe,compare row-mean errors within each source group after averaging source-seed errors,46,0,6,0.8846153846153846,-0.8263475750055578
geoprr_adapted_minus_efficientnet_b0_adapted,industrial,combined_severe,compare row-mean errors within each source group after averaging source-seed errors,45,0,7,0.8653846153846154,-0.8031881960729754
geoprr_adapted_minus_efficientnet_b0_adapted,industrial,perspective_pair,compare row-mean errors within each source group after averaging source-seed errors,43,0,9,0.8269230769230769,-0.5248293643404609
geoprr_adapted_minus_efficientnet_b0_adapted,industrial,projective_three,compare row-mean errors within each source group after averaging source-seed errors,45,0,7,0.8653846153846154,-0.5635536500584974
geoprr_adapted_minus_resnet18_adapted,industrial,all_conditions,compare row-mean errors within each source group after averaging source-seed errors,43,0,9,0.8269230769230769,-0.8831226340669364
geoprr_adapted_minus_resnet18_adapted,industrial,clean,compare row-mean errors within each source group after averaging source-seed errors,33,0,19,0.6346153846153846,-0.1751718777749267
geoprr_adapted_minus_resnet18_adapted,industrial,blur_moderate,compare row-mean errors within each source group after averaging source-seed errors,33,0,19,0.6346153846153846,-0.23275938906316873
geoprr_adapted_minus_resnet18_adapted,industrial,blur_severe,compare row-mean errors within each source group after averaging source-seed errors,33,0,19,0.6346153846153846,-0.1715714859216466
geoprr_adapted_minus_resnet18_adapted,industrial,perspective_moderate,compare row-mean errors within each source group after averaging source-seed errors,44,0,8,0.8461538461538461,-0.929312155344205
geoprr_adapted_minus_resnet18_adapted,industrial,perspective_severe,compare row-mean errors within each source group after averaging source-seed errors,48,0,4,0.9230769230769231,-1.666500030141889
geoprr_adapted_minus_resnet18_adapted,industrial,combined_severe,compare row-mean errors within each source group after averaging source-seed errors,49,0,3,0.9423076923076923,-1.6111257831781223
geoprr_adapted_minus_resnet18_adapted,industrial,perspective_pair,compare row-mean errors within each source group after averaging source-seed errors,44,0,8,0.8461538461538461,-1.3039838186112531
geoprr_adapted_minus_resnet18_adapted,industrial,projective_three,compare row-mean errors within each source group after averaging source-seed errors,47,0,5,0.9038461538461539,-1.311322962459396
geoprr_adapted_minus_mobilenet_v3_large_adapted,industrial,all_conditions,compare row-mean errors within each source group after averaging source-seed errors,39,0,13,0.75,-0.42613497735337913
geoprr_adapted_minus_mobilenet_v3_large_adapted,industrial,clean,compare row-mean errors within each source group after averaging source-seed errors,30,0,22,0.5769230769230769,-0.09782177023341572
geoprr_adapted_minus_mobilenet_v3_large_adapted,industrial,blur_moderate,compare row-mean errors within each source group after averaging source-seed errors,28,0,24,0.5384615384615384,-0.02728039639398942
geoprr_adapted_minus_mobilenet_v3_large_adapted,industrial,blur_severe,compare row-mean errors within each source group after averaging source-seed errors,32,0,20,0.6153846153846154,-0.07669575719761798
geoprr_adapted_minus_mobilenet_v3_large_adapted,industrial,perspective_moderate,compare row-mean errors within each source group after averaging source-seed errors,38,0,14,0.7307692307692307,-0.32220250524713034
geoprr_adapted_minus_mobilenet_v3_large_adapted,industrial,perspective_severe,compare row-mean errors within each source group after averaging source-seed errors,42,0,10,0.8076923076923077,-0.6439670555994367
geoprr_adapted_minus_mobilenet_v3_large_adapted,industrial,combined_severe,compare row-mean errors within each source group after averaging source-seed errors,45,0,7,0.8653846153846154,-0.8728107946614425
geoprr_adapted_minus_mobilenet_v3_large_adapted,industrial,perspective_pair,compare row-mean errors within each source group after averaging source-seed errors,38,0,14,0.7307692307692307,-0.5454349447173443
geoprr_adapted_minus_mobilenet_v3_large_adapted,industrial,projective_three,compare row-mean errors within each source group after averaging source-seed errors,42,0,10,0.8076923076923077,-0.6492195142440229
geoprr_adapted_ensemble_minus_frozen_ensemble,industrial,all_conditions,compare row-mean errors within each source group after averaging source-seed errors,49,0,3,0.9423076923076923,-9.239513536034295
geoprr_adapted_ensemble_minus_frozen_ensemble,industrial,clean,compare row-mean errors within each source group after averaging source-seed errors,49,0,3,0.9423076923076923,-8.038978579270795
geoprr_adapted_ensemble_minus_frozen_ensemble,industrial,blur_moderate,compare row-mean errors within each source group after averaging source-seed errors,48,0,4,0.9230769230769231,-7.929246053667599
geoprr_adapted_ensemble_minus_frozen_ensemble,industrial,blur_severe,compare row-mean errors within each source group after averaging source-seed errors,50,0,2,0.9615384615384616,-8.829710248857737
geoprr_adapted_ensemble_minus_frozen_ensemble,industrial,perspective_moderate,compare row-mean errors within each source group after averaging source-seed errors,48,0,4,0.9230769230769231,-8.155206348369546
geoprr_adapted_ensemble_minus_frozen_ensemble,industrial,perspective_severe,compare row-mean errors within each source group after averaging source-seed errors,48,0,4,0.9230769230769231,-9.154376298203275
geoprr_adapted_ensemble_minus_frozen_ensemble,industrial,combined_severe,compare row-mean errors within each source group after averaging source-seed errors,49,0,3,0.9423076923076923,-9.419932064572066
geoprr_adapted_ensemble_minus_frozen_ensemble,industrial,perspective_pair,compare row-mean errors within each source group after averaging source-seed errors,48,0,4,0.9230769230769231,-8.680670824341096
geoprr_adapted_ensemble_minus_frozen_ensemble,industrial,projective_three,compare row-mean errors within each source group after averaging source-seed errors,48,0,4,0.9230769230769231,-9.457558261644508
efficientnet_b0_adapted_ensemble_minus_frozen_ensemble,industrial,all_conditions,compare row-mean errors within each source group after averaging source-seed errors,50,0,2,0.9615384615384616,-12.805157453235916
efficientnet_b0_adapted_ensemble_minus_frozen_ensemble,industrial,clean,compare row-mean errors within each source group after averaging source-seed errors,46,0,6,0.8846153846153846,-11.919305323116049
efficientnet_b0_adapted_ensemble_minus_frozen_ensemble,industrial,blur_moderate,compare row-mean errors within each source group after averaging source-seed errors,46,0,6,0.8846153846153846,-12.309365347592216
efficientnet_b0_adapted_ensemble_minus_frozen_ensemble,industrial,blur_severe,compare row-mean errors within each source group after averaging source-seed errors,47,0,5,0.9038461538461539,-12.61343170345616
efficientnet_b0_adapted_ensemble_minus_frozen_ensemble,industrial,perspective_moderate,compare row-mean errors within each source group after averaging source-seed errors,49,0,3,0.9423076923076923,-11.428437624101825
efficientnet_b0_adapted_ensemble_minus_frozen_ensemble,industrial,perspective_severe,compare row-mean errors within each source group after averaging source-seed errors,51,0,1,0.9807692307692307,-12.120422540853419
efficientnet_b0_adapted_ensemble_minus_frozen_ensemble,industrial,combined_severe,compare row-mean errors within each source group after averaging source-seed errors,51,0,1,0.9807692307692307,-11.749554940809809
efficientnet_b0_adapted_ensemble_minus_frozen_ensemble,industrial,perspective_pair,compare row-mean errors within each source group after averaging source-seed errors,51,0,1,0.9807692307692307,-11.926834213045913
efficientnet_b0_adapted_ensemble_minus_frozen_ensemble,industrial,projective_three,compare row-mean errors within each source group after averaging source-seed errors,51,0,1,0.9807692307692307,-12.268927055527605
resnet18_adapted_ensemble_minus_frozen_ensemble,industrial,all_conditions,compare row-mean errors within each source group after averaging source-seed errors,50,0,2,0.9615384615384616,-12.270236630924042
resnet18_adapted_ensemble_minus_frozen_ensemble,industrial,clean,compare row-mean errors within each source group after averaging source-seed errors,49,0,3,0.9423076923076923,-10.281293597693242
resnet18_adapted_ensemble_minus_frozen_ensemble,industrial,blur_moderate,compare row-mean errors within each source group after averaging source-seed errors,49,0,3,0.9423076923076923,-10.409370459616182
resnet18_adapted_ensemble_minus_frozen_ensemble,industrial,blur_severe,compare row-mean errors within each source group after averaging source-seed errors,49,0,3,0.9423076923076923,-11.051589716225864
resnet18_adapted_ensemble_minus_frozen_ensemble,industrial,perspective_moderate,compare row-mean errors within each source group after averaging source-seed errors,50,0,2,0.9615384615384616,-12.533088356256485
resnet18_adapted_ensemble_minus_frozen_ensemble,industrial,perspective_severe,compare row-mean errors within each source group after averaging source-seed errors,51,0,1,0.9807692307692307,-14.311969565243544
resnet18_adapted_ensemble_minus_frozen_ensemble,industrial,combined_severe,compare row-mean errors within each source group after averaging source-seed errors,50,0,2,0.9615384615384616,-14.847482478866972
resnet18_adapted_ensemble_minus_frozen_ensemble,industrial,perspective_pair,compare row-mean errors within each source group after averaging source-seed errors,50,0,2,0.9615384615384616,-13.510493527476985
resnet18_adapted_ensemble_minus_frozen_ensemble,industrial,projective_three,compare row-mean errors within each source group after averaging source-seed errors,51,0,1,0.9807692307692307,-13.891735271171287
mobilenet_v3_large_adapted_ensemble_minus_frozen_ensemble,industrial,all_conditions,compare row-mean errors within each source group after averaging source-seed errors,49,0,3,0.9423076923076923,-10.54884290060511
mobilenet_v3_large_adapted_ensemble_minus_frozen_ensemble,industrial,clean,compare row-mean errors within each source group after averaging source-seed errors,50,0,2,0.9615384615384616,-10.358284647266071
mobilenet_v3_large_adapted_ensemble_minus_frozen_ensemble,industrial,blur_moderate,compare row-mean errors within each source group after averaging source-seed errors,50,0,2,0.9615384615384616,-10.334318132450186
mobilenet_v3_large_adapted_ensemble_minus_frozen_ensemble,industrial,blur_severe,compare row-mean errors within each source group after averaging source-seed errors,49,0,3,0.9423076923076923,-11.749350095480164
mobilenet_v3_large_adapted_ensemble_minus_frozen_ensemble,industrial,perspective_moderate,compare row-mean errors within each source group after averaging source-seed errors,49,0,3,0.9423076923076923,-8.169430510620728
mobilenet_v3_large_adapted_ensemble_minus_frozen_ensemble,industrial,perspective_severe,compare row-mean errors within each source group after averaging source-seed errors,50,0,2,0.9615384615384616,-9.53454131881396
mobilenet_v3_large_adapted_ensemble_minus_frozen_ensemble,industrial,combined_severe,compare row-mean errors within each source group after averaging source-seed errors,51,0,1,0.9807692307692307,-10.277311893800892
mobilenet_v3_large_adapted_ensemble_minus_frozen_ensemble,industrial,perspective_pair,compare row-mean errors within each source group after averaging source-seed errors,50,0,2,0.9615384615384616,-9.52295688788096
mobilenet_v3_large_adapted_ensemble_minus_frozen_ensemble,industrial,projective_three,compare row-mean errors within each source group after averaging source-seed errors,51,0,1,0.9807692307692307,-9.307971038959092
geoprr_adapted_ensemble_minus_efficientnet_b0_adapted_ensemble,industrial,all_conditions,compare row-mean errors within each source group after averaging source-seed errors,40,0,12,0.7692307692307693,-0.42610107148269094
geoprr_adapted_ensemble_minus_efficientnet_b0_adapted_ensemble,industrial,clean,compare row-mean errors within each source group after averaging source-seed errors,32,0,20,0.6153846153846154,-0.08846292284799226
geoprr_adapted_ensemble_minus_efficientnet_b0_adapted_ensemble,industrial,blur_moderate,compare row-mean errors within each source group after averaging source-seed errors,32,0,20,0.6153846153846154,-0.1061534331300715
geoprr_adapted_ensemble_minus_efficientnet_b0_adapted_ensemble,industrial,blur_severe,compare row-mean errors within each source group after averaging source-seed errors,33,0,19,0.6346153846153846,-0.18920749313773255
geoprr_adapted_ensemble_minus_efficientnet_b0_adapted_ensemble,industrial,perspective_moderate,compare row-mean errors within each source group after averaging source-seed errors,32,0,20,0.6153846153846154,-0.17566068027587953
geoprr_adapted_ensemble_minus_efficientnet_b0_adapted_ensemble,industrial,perspective_severe,compare row-mean errors within each source group after averaging source-seed errors,47,0,5,0.9038461538461539,-0.9247255642086294
geoprr_adapted_ensemble_minus_efficientnet_b0_adapted_ensemble,industrial,combined_severe,compare row-mean errors within each source group after averaging source-seed errors,46,0,6,0.8846153846153846,-1.0063965010146292
geoprr_adapted_ensemble_minus_efficientnet_b0_adapted_ensemble,industrial,perspective_pair,compare row-mean errors within each source group after averaging source-seed errors,43,0,9,0.8269230769230769,-0.5426265060744697
geoprr_adapted_ensemble_minus_efficientnet_b0_adapted_ensemble,industrial,projective_three,compare row-mean errors within each source group after averaging source-seed errors,45,0,7,0.8653846153846154,-0.7000874641040945
geoprr_adapted_ensemble_minus_resnet18_adapted_ensemble,industrial,all_conditions,compare row-mean errors within each source group after averaging source-seed errors,43,0,9,0.8269230769230769,-0.8195845148328555
geoprr_adapted_ensemble_minus_resnet18_adapted_ensemble,industrial,clean,compare row-mean errors within each source group after averaging source-seed errors,34,0,18,0.6538461538461539,-0.31179350789045135
geoprr_adapted_ensemble_minus_resnet18_adapted_ensemble,industrial,blur_moderate,compare row-mean errors within each source group after averaging source-seed errors,33,0,19,0.6346153846153846,-0.3025632413725048
geoprr_adapted_ensemble_minus_resnet18_adapted_ensemble,industrial,blur_severe,compare row-mean errors within each source group after averaging source-seed errors,34,0,18,0.6538461538461539,-0.35652630031108906
geoprr_adapted_ensemble_minus_resnet18_adapted_ensemble,industrial,perspective_moderate,compare row-mean errors within each source group after averaging source-seed errors,42,0,10,0.8076923076923077,-0.8747968381891652
geoprr_adapted_ensemble_minus_resnet18_adapted_ensemble,industrial,perspective_severe,compare row-mean errors within each source group after averaging source-seed errors,47,0,5,0.9038461538461539,-1.1947638896631485
geoprr_adapted_ensemble_minus_resnet18_adapted_ensemble,industrial,combined_severe,compare row-mean errors within each source group after averaging source-seed errors,50,0,2,0.9615384615384616,-1.1507507848242915
geoprr_adapted_ensemble_minus_resnet18_adapted_ensemble,industrial,perspective_pair,compare row-mean errors within each source group after averaging source-seed errors,47,0,5,0.9038461538461539,-0.9698119121925257
geoprr_adapted_ensemble_minus_resnet18_adapted_ensemble,industrial,projective_three,compare row-mean errors within each source group after averaging source-seed errors,49,0,3,0.9423076923076923,-0.974631327824699
geoprr_adapted_ensemble_minus_mobilenet_v3_large_adapted_ensemble,industrial,all_conditions,compare row-mean errors within each source group after averaging source-seed errors,37,0,15,0.7115384615384616,-0.2912987535824547
geoprr_adapted_ensemble_minus_mobilenet_v3_large_adapted_ensemble,industrial,clean,compare row-mean errors within each source group after averaging source-seed errors,27,0,25,0.5192307692307693,-0.029321591028388008
geoprr_adapted_ensemble_minus_mobilenet_v3_large_adapted_ensemble,industrial,blur_moderate,compare row-mean errors within each source group after averaging source-seed errors,26,0,26,0.5,0.0016796161975379245
geoprr_adapted_ensemble_minus_mobilenet_v3_large_adapted_ensemble,industrial,blur_severe,compare row-mean errors within each source group after averaging source-seed errors,29,0,23,0.5576923076923077,-0.06262404124506485
geoprr_adapted_ensemble_minus_mobilenet_v3_large_adapted_ensemble,industrial,perspective_moderate,compare row-mean errors within each source group after averaging source-seed errors,35,0,17,0.6730769230769231,-0.2522173042137489
geoprr_adapted_ensemble_minus_mobilenet_v3_large_adapted_ensemble,industrial,perspective_severe,compare row-mean errors within each source group after averaging source-seed errors,41,0,11,0.7884615384615384,-0.5981069958504612
geoprr_adapted_ensemble_minus_mobilenet_v3_large_adapted_ensemble,industrial,combined_severe,compare row-mean errors within each source group after averaging source-seed errors,43,0,9,0.8269230769230769,-0.7311904294581991
geoprr_adapted_ensemble_minus_mobilenet_v3_large_adapted_ensemble,industrial,perspective_pair,compare row-mean errors within each source group after averaging source-seed errors,38,0,14,0.7307692307692307,-0.49654971560726313
geoprr_adapted_ensemble_minus_mobilenet_v3_large_adapted_ensemble,industrial,projective_three,compare row-mean errors within each source group after averaging source-seed errors,39,0,13,0.75,-0.5773141092642253
geoprr_frozen_fold_aligned_ensemble_minus_efficientnet_b0_frozen_fold_aligned_ensemble,industrial,all_conditions,compare row-mean errors within each source group after averaging source-seed errors,47,0,5,0.9038461538461539,-2.4412253918502556
geoprr_frozen_fold_aligned_ensemble_minus_efficientnet_b0_frozen_fold_aligned_ensemble,industrial,clean,compare row-mean errors within each source group after averaging source-seed errors,32,0,20,0.6153846153846154,-0.9039293592547379
geoprr_frozen_fold_aligned_ensemble_minus_efficientnet_b0_frozen_fold_aligned_ensemble,industrial,blur_moderate,compare row-mean errors within each source group after averaging source-seed errors,34,0,18,0.6538461538461539,-1.1871847267629525
geoprr_frozen_fold_aligned_ensemble_minus_efficientnet_b0_frozen_fold_aligned_ensemble,industrial,blur_severe,compare row-mean errors within each source group after averaging source-seed errors,34,0,18,0.6538461538461539,-0.9924319952557032
geoprr_frozen_fold_aligned_ensemble_minus_efficientnet_b0_frozen_fold_aligned_ensemble,industrial,perspective_moderate,compare row-mean errors within each source group after averaging source-seed errors,39,0,13,0.75,-1.414871426920096
geoprr_frozen_fold_aligned_ensemble_minus_efficientnet_b0_frozen_fold_aligned_ensemble,industrial,perspective_severe,compare row-mean errors within each source group after averaging source-seed errors,45,0,7,0.8653846153846154,-4.322146383509475
geoprr_frozen_fold_aligned_ensemble_minus_efficientnet_b0_frozen_fold_aligned_ensemble,industrial,combined_severe,compare row-mean errors within each source group after averaging source-seed errors,45,0,7,0.8653846153846154,-4.0503619469848005
geoprr_frozen_fold_aligned_ensemble_minus_efficientnet_b0_frozen_fold_aligned_ensemble,industrial,perspective_pair,compare row-mean errors within each source group after averaging source-seed errors,49,0,3,0.9423076923076923,-3.020660919899287
geoprr_frozen_fold_aligned_ensemble_minus_efficientnet_b0_frozen_fold_aligned_ensemble,industrial,projective_three,compare row-mean errors within each source group after averaging source-seed errors,47,0,5,0.9038461538461539,-3.282049679002441
geoprr_frozen_fold_aligned_ensemble_minus_resnet18_frozen_fold_aligned_ensemble,industrial,all_conditions,compare row-mean errors within each source group after averaging source-seed errors,46,0,6,0.8846153846153846,-4.88469045145762
geoprr_frozen_fold_aligned_ensemble_minus_resnet18_frozen_fold_aligned_ensemble,industrial,clean,compare row-mean errors within each source group after averaging source-seed errors,35,0,17,0.6730769230769231,-1.705260947570205
geoprr_frozen_fold_aligned_ensemble_minus_resnet18_frozen_fold_aligned_ensemble,industrial,blur_moderate,compare row-mean errors within each source group after averaging source-seed errors,33,0,19,0.6346153846153846,-2.144358127291004
geoprr_frozen_fold_aligned_ensemble_minus_resnet18_frozen_fold_aligned_ensemble,industrial,blur_severe,compare row-mean errors within each source group after averaging source-seed errors,35,0,17,0.6730769230769231,-1.397561511277852
geoprr_frozen_fold_aligned_ensemble_minus_resnet18_frozen_fold_aligned_ensemble,industrial,perspective_moderate,compare row-mean errors within each source group after averaging source-seed errors,46,0,6,0.8846153846153846,-4.194918822410495
geoprr_frozen_fold_aligned_ensemble_minus_resnet18_frozen_fold_aligned_ensemble,industrial,perspective_severe,compare row-mean errors within each source group after averaging source-seed errors,47,0,5,0.9038461538461539,-11.405769047844739
geoprr_frozen_fold_aligned_ensemble_minus_resnet18_frozen_fold_aligned_ensemble,industrial,combined_severe,compare row-mean errors within each source group after averaging source-seed errors,47,0,5,0.9038461538461539,-10.979138099384862
geoprr_frozen_fold_aligned_ensemble_minus_resnet18_frozen_fold_aligned_ensemble,industrial,perspective_pair,compare row-mean errors within each source group after averaging source-seed errors,46,0,6,0.8846153846153846,-7.124915767051844
geoprr_frozen_fold_aligned_ensemble_minus_resnet18_frozen_fold_aligned_ensemble,industrial,projective_three,compare row-mean errors within each source group after averaging source-seed errors,46,0,6,0.8846153846153846,-8.186489941042097
geoprr_frozen_fold_aligned_ensemble_minus_mobilenet_v3_large_frozen_fold_aligned_ensemble,industrial,all_conditions,compare row-mean errors within each source group after averaging source-seed errors,35,0,17,0.6730769230769231,-2.1437785726237943
geoprr_frozen_fold_aligned_ensemble_minus_mobilenet_v3_large_frozen_fold_aligned_ensemble,industrial,clean,compare row-mean errors within each source group after averaging source-seed errors,31,0,21,0.5961538461538461,-0.5928787241379421
geoprr_frozen_fold_aligned_ensemble_minus_mobilenet_v3_large_frozen_fold_aligned_ensemble,industrial,blur_moderate,compare row-mean errors within each source group after averaging source-seed errors,32,0,20,0.6153846153846154,-0.8817163140003034
geoprr_frozen_fold_aligned_ensemble_minus_mobilenet_v3_large_frozen_fold_aligned_ensemble,industrial,blur_severe,compare row-mean errors within each source group after averaging source-seed errors,30,0,22,0.5769230769230769,-0.4185058925815063
geoprr_frozen_fold_aligned_ensemble_minus_mobilenet_v3_large_frozen_fold_aligned_ensemble,industrial,perspective_moderate,compare row-mean errors within each source group after averaging source-seed errors,31,0,21,0.5961538461538461,-0.9316410325324644
geoprr_frozen_fold_aligned_ensemble_minus_mobilenet_v3_large_frozen_fold_aligned_ensemble,industrial,perspective_severe,compare row-mean errors within each source group after averaging source-seed errors,33,0,19,0.6346153846153846,-3.4385801021238085
geoprr_frozen_fold_aligned_ensemble_minus_mobilenet_v3_large_frozen_fold_aligned_ensemble,industrial,combined_severe,compare row-mean errors within each source group after averaging source-seed errors,36,0,16,0.6923076923076923,-3.568762494218315
geoprr_frozen_fold_aligned_ensemble_minus_mobilenet_v3_large_frozen_fold_aligned_ensemble,industrial,perspective_pair,compare row-mean errors within each source group after averaging source-seed errors,31,0,21,0.5961538461538461,-2.8531469666045313
geoprr_frozen_fold_aligned_ensemble_minus_mobilenet_v3_large_frozen_fold_aligned_ensemble,industrial,projective_three,compare row-mean errors within each source group after averaging source-seed errors,33,0,19,0.6346153846153846,-2.7845719498495107
