method,seed,phase,accounting_scope,population,expected_unique_training_images,recorded_population_and_update_epochs,source_population_matches,expected_epochs,recorded_epochs,status,training_hours,validation_and_other_epoch_hours,recorded_epoch_hours,validation_epochs,learning_rate_epochs,optimizer_steps
resnet18,20262020,source_model,final_recipe,full,16000,60,True,60,60,complete,0.9232468919171435,0.0,0.9232472009449784,0,60,14998
resnet18,20262021,source_model,final_recipe,full,16000,60,True,60,60,complete,0.921504785028131,0.0,0.9215050942217932,0,60,14996
resnet18,20262022,source_model,final_recipe,full,16000,60,True,60,60,complete,0.9217016121944309,0.0,0.9217019274446647,0,60,14998
efficientnet_b0,20262020,source_model,final_recipe,full,16000,60,True,60,60,complete,0.9731999026945172,0.0,0.973200226999664,0,60,14997
efficientnet_b0,20262021,source_model,final_recipe,full,16000,60,True,60,60,complete,0.9503585358608203,0.0,0.950358848055152,0,60,14997
efficientnet_b0,20262022,source_model,final_recipe,full,16000,60,True,60,60,complete,0.9338282727225062,0.0,0.9338285820283151,0,60,14997
mobilenet_v3_large,20262020,source_model,final_recipe,full,16000,60,True,60,60,complete,0.9239874362500592,0.0,0.9239877460001864,0,60,14996
mobilenet_v3_large,20262021,source_model,final_recipe,full,16000,60,True,60,60,complete,0.9284356831113756,0.0,0.9284359877776458,0,60,14996
mobilenet_v3_large,20262022,source_model,final_recipe,full,16000,60,True,60,60,complete,0.9539975574441875,0.0,0.9539978715827844,0,60,14995
yolo,20262020,source_model,final_recipe,full,16000,40,True,40,40,complete,0.9212413231385613,0.0,0.932654431131151,0,40,10699
yolo,20262021,source_model,final_recipe,full,16000,40,True,40,40,complete,0.8885768057778478,0.0,0.8987346186240515,0,40,10698
yolo,20262022,source_model,final_recipe,full,16000,40,True,40,40,complete,0.8856658495830683,0.0,0.8959047204256058,0,40,10697
deeplab,20262020,source_model,final_recipe,full,16000,20,True,20,20,complete,1.667831368916668,0.0,1.6678314712219353,0,20,39988
deeplab,20262021,source_model,final_recipe,full,16000,20,True,20,20,complete,1.669265888222338,0.0,1.6692659836112418,0,20,39987
deeplab,20262022,source_model,final_recipe,full,16000,20,True,20,20,complete,1.6769779550280266,0.0,1.6769780584166034,0,20,39986
vdn,20262020,source_model,final_recipe,full,16000,200,True,200,200,complete,4.798576683082308,0.0,4.7985774478609935,0,200,399861
vdn,20262021,source_model,final_recipe,full,16000,200,True,200,200,complete,4.942244417220742,0.0,4.942245210721158,0,200,399862
vdn,20262022,source_model,final_recipe,full,16000,200,True,200,200,complete,5.055547454944139,0.0,5.055548274473209,0,200,399865
geoprr_shared,20262020,inner_foundation,final_recipe,geoprr_candidates,12818,30,True,30,30,complete,0.3989580605837465,0.0,0.3989580677502737,0,30,6030
geoprr_shared,20262020,warm_polar,final_recipe,geoprr_candidates,12818,10,True,10,10,complete,0.13161775599984038,0.0,0.13161776549971868,0,10,2010
geoprr,20262020,raw_efficientnet_b0,final_recipe,geoprr_candidates,12818,60,True,60,60,complete,0.8032026728334475,0.0,0.8032029724722572,0,60,12058
geoprr,20262020,remst,final_recipe,geoprr_candidates,12818,5,True,5,5,complete,0.31974486422220555,0.0,0.31974486611097946,0,5,8015
geoprr,20262020,r2mt_mean_risk,final_recipe,geoprr_candidates,12818,40,True,40,40,complete,0.006914988027678596,0.0,0.006914998917038449,0,40,2040
geoprr,20262020,r2mt_tail_risk,final_recipe,geoprr_candidates,12818,40,True,40,40,complete,0.007013490528075232,0.0,0.007013500194815505,0,40,2040
geoprr,20262020,r2mt_combined_risk,final_recipe,geoprr_candidates,12818,40,True,40,40,complete,0.007095021806372744,0.0,0.007095030389545071,0,40,2040
geoprr,20262020,r2mt_router,final_recipe,geoprr_candidates,12818,40,True,40,40,complete,0.008258566110938167,0.0,0.00825857536142899,0,40,2040
geoprr,20262020,polar,final_recipe,geoprr_candidates,12818,10,True,10,10,complete,0.13238512613875275,0.0,0.13238512613875275,0,10,2010
geoprr,20262020,full_router_stage_one,final_recipe,geoprr_router,3182,40,True,40,40,complete,0.008586534306200015,0.0,0.008586534306200015,0,40,1520
geoprr,20262020,full_router_stage_two,final_recipe,geoprr_router,3182,120,True,120,120,complete,0.0005364950835549583,0.0,0.0005364950835549583,0,120,120
geoprr,20262020,no_geometry_fusion_router_stage_one,final_recipe,geoprr_router,3182,40,True,40,40,complete,0.008586391083275278,0.0,0.008586391083275278,0,40,1520
geoprr,20262020,no_geometry_fusion_router_stage_two,final_recipe,geoprr_router,3182,120,True,120,120,complete,0.0005544243333861232,0.0,0.0005544243333861232,0,120,120
geoprr,20262020,no_polar_evidence_router_stage_one,final_recipe,geoprr_router,3182,40,True,40,40,complete,0.008604802417103201,0.0,0.008604802417103201,0,40,1520
geoprr,20262020,no_polar_evidence_router_stage_two,final_recipe,geoprr_router,3182,120,True,120,120,complete,0.0005285371387273901,0.0,0.0005285371387273901,0,120,120
geoprr,20262020,no_relational_transport_router_stage_one,final_recipe,geoprr_router,3182,40,True,40,40,complete,0.008586805250443932,0.0,0.008586805250443932,0,40,1520
geoprr,20262020,no_relational_transport_router_stage_two,final_recipe,geoprr_router,3182,120,True,120,120,complete,0.0005461296937169714,0.0,0.0005461296937169714,0,120,120
geoprr,20262021,raw_efficientnet_b0,final_recipe,geoprr_candidates,12818,60,True,60,60,complete,0.8102335488061524,0.0,0.8102338630003699,0,60,12058
geoprr,20262021,remst,final_recipe,geoprr_candidates,12818,5,True,5,5,complete,0.31631962163878297,0.0,0.3163196236666085,0,5,8015
geoprr,20262021,r2mt_mean_risk,final_recipe,geoprr_candidates,12818,40,True,40,40,complete,0.006900800111470744,0.0,0.006900811166916456,0,40,2040
geoprr,20262021,r2mt_tail_risk,final_recipe,geoprr_candidates,12818,40,True,40,40,complete,0.006988243749882612,0.0,0.006988253915915265,0,40,2040
geoprr,20262021,r2mt_combined_risk,final_recipe,geoprr_candidates,12818,40,True,40,40,complete,0.006970612111294435,0.0,0.006970622639120039,0,40,2040
geoprr,20262021,r2mt_router,final_recipe,geoprr_candidates,12818,40,True,40,40,complete,0.008220654333191406,0.0,0.008220663999802329,0,40,2040
geoprr,20262021,polar,final_recipe,geoprr_candidates,12818,10,True,10,10,complete,0.13307147691660146,0.0,0.13307147691660146,0,10,2010
geoprr,20262021,full_router_stage_one,final_recipe,geoprr_router,3182,40,True,40,40,complete,0.00867658686099781,0.0,0.00867658686099781,0,40,1520
geoprr,20262021,full_router_stage_two,final_recipe,geoprr_router,3182,120,True,120,120,complete,0.0005356610836719887,0.0,0.0005356610836719887,0,120,120
geoprr,20262021,no_geometry_fusion_router_stage_one,final_recipe,geoprr_router,3182,40,True,40,40,complete,0.008596889694324797,0.0,0.008596889694324797,0,40,1520
geoprr,20262021,no_geometry_fusion_router_stage_two,final_recipe,geoprr_router,3182,120,True,120,120,complete,0.0005321589174369971,0.0,0.0005321589174369971,0,120,120
geoprr,20262021,no_polar_evidence_router_stage_one,final_recipe,geoprr_router,3182,40,True,40,40,complete,0.008662753028070761,0.0,0.008662753028070761,0,40,1520
geoprr,20262021,no_polar_evidence_router_stage_two,final_recipe,geoprr_router,3182,120,True,120,120,complete,0.0005228592217382458,0.0,0.0005228592217382458,0,120,120
geoprr,20262021,no_relational_transport_router_stage_one,final_recipe,geoprr_router,3182,40,True,40,40,complete,0.008650955527555198,0.0,0.008650955527555198,0,40,1520
geoprr,20262021,no_relational_transport_router_stage_two,final_recipe,geoprr_router,3182,120,True,120,120,complete,0.0005369189720497363,0.0,0.0005369189720497363,0,120,120
geoprr,20262022,raw_efficientnet_b0,final_recipe,geoprr_candidates,12818,60,True,60,60,complete,0.8115162002497042,0.0,0.8115165043895185,0,60,12058
geoprr,20262022,remst,final_recipe,geoprr_candidates,12818,5,True,5,5,complete,0.32159527733339927,0.0,0.32159527919462155,0,5,8015
geoprr,20262022,r2mt_mean_risk,final_recipe,geoprr_candidates,12818,40,True,40,40,complete,0.00693949797268336,0.0,0.0069395095556198305,0,40,2040
geoprr,20262022,r2mt_tail_risk,final_recipe,geoprr_candidates,12818,40,True,40,40,complete,0.007110433917259798,0.0,0.007110444167111483,0,40,2040
geoprr,20262022,r2mt_combined_risk,final_recipe,geoprr_candidates,12818,40,True,40,40,complete,0.007176499555482426,0.0,0.007176509305912381,0,40,2040
geoprr,20262022,r2mt_router,final_recipe,geoprr_candidates,12818,40,True,40,40,complete,0.008148524916808432,0.0,0.008148536277650338,0,40,2040
geoprr,20262022,polar,final_recipe,geoprr_candidates,12818,10,True,10,10,complete,0.13291138400013247,0.0,0.13291138400013247,0,10,2010
geoprr,20262022,full_router_stage_one,final_recipe,geoprr_router,3182,40,True,40,40,complete,0.008671491694921214,0.0,0.008671491694921214,0,40,1520
geoprr,20262022,full_router_stage_two,final_recipe,geoprr_router,3182,120,True,120,120,complete,0.0005422629163755725,0.0,0.0005422629163755725,0,120,120
geoprr,20262022,no_geometry_fusion_router_stage_one,final_recipe,geoprr_router,3182,40,True,40,40,complete,0.008649179083036466,0.0,0.008649179083036466,0,40,1520
geoprr,20262022,no_geometry_fusion_router_stage_two,final_recipe,geoprr_router,3182,120,True,120,120,complete,0.0005436578337361829,0.0,0.0005436578337361829,0,120,120
geoprr,20262022,no_polar_evidence_router_stage_one,final_recipe,geoprr_router,3182,40,True,40,40,complete,0.008631593749936049,0.0,0.008631593749936049,0,40,1520
geoprr,20262022,no_polar_evidence_router_stage_two,final_recipe,geoprr_router,3182,120,True,120,120,complete,0.0005277670002801137,0.0,0.0005277670002801137,0,120,120
geoprr,20262022,no_relational_transport_router_stage_one,final_recipe,geoprr_router,3182,40,True,40,40,complete,0.008629503888854136,0.0,0.008629503888854136,0,40,1520
geoprr,20262022,no_relational_transport_router_stage_two,final_recipe,geoprr_router,3182,120,True,120,120,complete,0.0005407027217249076,0.0,0.0005407027217249076,0,120,120
