comparison,dataset,scope,candidate_nmae_pct_fs,reference_nmae_pct_fs,candidate_minus_reference_pct_fs,relative_error_reduction_pct,acc_at_2_gain_percentage_points,acc_at_5_gain_percentage_points
geoprr_minus_resnet18,syncg,all_conditions,0.7406831818034855,2.4913783675129566,-1.7506951857094712,70.27014477359857,23.420833333333334,12.979166666666686
geoprr_minus_efficientnet_b0,syncg,all_conditions,0.7406831818034855,1.6594963879841056,-0.9188132061806201,55.3669904215194,17.813888888888897,4.941666666666663
geoprr_minus_mobilenet_v3_large,syncg,all_conditions,0.7406831818034855,2.333959102021563,-1.5932759202180775,68.2649459811896,23.251388888888897,10.798611111111114
geoprr_minus_yolo,syncg,all_conditions,0.7406831818034855,5.747765564792487,-5.007082382989001,87.11354571695676,25.858333333333334,16.65416666666667
geoprr_minus_vdn,syncg,all_conditions,0.7406831818034855,5.0128777196393175,-4.272194537835832,85.22439159244485,27.497222222222234,15.527777777777771
geoprr_minus_deeplab,syncg,all_conditions,0.7406831818034855,10.275702103896574,-9.535018922093089,92.7918970955511,25.825000000000017,18.872222222222234
geoprr_minus_resnet18,syncg,clean,0.5943754074958534,0.6153662492897615,-0.020990841793908088,3.4111135958683354,1.0833333333333286,0.45000000000000284
geoprr_minus_efficientnet_b0,syncg,clean,0.5943754074958534,0.6176217156104666,-0.023246308114613257,3.763842417949352,0.10833333333332007,-0.025000000000005684
geoprr_minus_mobilenet_v3_large,syncg,clean,0.5943754074958534,0.6918110633423075,-0.09743565584645408,14.084142478976664,1.5916666666666686,0.24166666666667425
geoprr_minus_yolo,syncg,clean,0.5943754074958534,0.5126651848584897,0.08171022263736372,-15.938320964767305,-1.5166666666666515,-0.25
geoprr_minus_vdn,syncg,clean,0.5943754074958534,0.9476681806384113,-0.3532927731425579,37.280219000764255,6.241666666666674,0.4416666666666629
geoprr_minus_deeplab,syncg,clean,0.5943754074958534,0.45939670514580055,0.13497870235005283,-29.38173061280753,-2.2583333333333258,-0.3333333333333428
geoprr_minus_resnet18,syncg,blur_moderate,0.5937024102234545,0.619421384740809,-0.025718974517354498,4.152096642274687,1.0,0.4416666666666913
geoprr_minus_efficientnet_b0,syncg,blur_moderate,0.5937024102234545,0.6171220319525544,-0.02341962172909995,3.794974173098473,0.10833333333333428,-0.01666666666665151
geoprr_minus_mobilenet_v3_large,syncg,blur_moderate,0.5937024102234545,0.6910667513074349,-0.0973643410839804,14.08899225722783,1.6916666666666629,0.25
geoprr_minus_yolo,syncg,blur_moderate,0.5937024102234545,0.5294451618141234,0.06425724840933111,-12.136714629548438,-1.4416666666666629,-0.3083333333333087
geoprr_minus_vdn,syncg,blur_moderate,0.5937024102234545,0.9636657653232966,-0.36996335509984213,38.391252279852914,6.391666666666666,0.5416666666666714
geoprr_minus_deeplab,syncg,blur_moderate,0.5937024102234545,0.4583954911528957,0.1353069190705588,-29.517506537913963,-2.2083333333333286,-0.4083333333333172
geoprr_minus_resnet18,syncg,blur_severe,0.6138011081496481,0.642998076042016,-0.02919696789236792,4.5407550940261405,1.02500000000002,0.5166666666666657
geoprr_minus_efficientnet_b0,syncg,blur_severe,0.6138011081496481,0.637514297257325,-0.023713189107676946,3.7196325179991065,-0.008333333333325754,-0.01666666666665151
geoprr_minus_mobilenet_v3_large,syncg,blur_severe,0.6138011081496481,0.7158032053280443,-0.10200209717839626,14.250019617004911,1.64166666666668,0.3333333333333286
geoprr_minus_yolo,syncg,blur_severe,0.6138011081496481,0.6562547661609559,-0.04245365801130785,6.469081856678733,-0.5666666666666629,-0.0999999999999801
geoprr_minus_vdn,syncg,blur_severe,0.6138011081496481,1.2537386327453792,-0.6399375245957312,51.04233911931272,8.966666666666669,1.40000000000002
geoprr_minus_deeplab,syncg,blur_severe,0.6138011081496481,0.5747547965343403,0.039046311615307805,-6.79355994082163,-1.4499999999999886,-0.3333333333333286
geoprr_minus_resnet18,syncg,perspective_moderate,0.7384504876386806,1.7287715648256388,-0.9903210771869582,57.28466949228427,19.116666666666646,3.575000000000003
geoprr_minus_efficientnet_b0,syncg,perspective_moderate,0.7384504876386806,1.44478799829397,-0.7063375106552894,48.88866127690323,15.258333333333326,1.2000000000000028
geoprr_minus_mobilenet_v3_large,syncg,perspective_moderate,0.7384504876386806,1.7295277741404147,-0.9910772865017341,57.30334611101029,20.841666666666654,3.4250000000000114
geoprr_minus_yolo,syncg,perspective_moderate,0.7384504876386806,1.6531257422110848,-0.9146752545724042,55.33004726845581,21.77499999999999,2.6000000000000227
geoprr_minus_vdn,syncg,perspective_moderate,0.7384504876386806,1.3085470357547673,-0.5700965481160867,43.56714222253816,12.091666666666654,0.966666666666697
geoprr_minus_deeplab,syncg,perspective_moderate,0.7384504876386806,1.9284211216895188,-1.1899706340508382,61.706990276495574,24.633333333333326,2.5416666666666856
geoprr_minus_resnet18,syncg,perspective_severe,0.8787467073481026,5.514728600361272,-4.635981893013169,84.06545868294343,59.558333333333316,36.01666666666667
geoprr_minus_efficientnet_b0,syncg,perspective_severe,0.8787467073481026,3.2124326526095497,-2.333685945261447,72.6454434263619,46.24999999999999,13.675000000000011
geoprr_minus_mobilenet_v3_large,syncg,perspective_severe,0.8787467073481026,4.929386369891963,-4.050639662543861,82.17330431399392,57.39999999999999,29.53333333333333
geoprr_minus_yolo,syncg,perspective_severe,0.8787467073481026,13.265875789622358,-12.387129082274255,93.37588621148157,67.76666666666665,45.858333333333334
geoprr_minus_vdn,syncg,perspective_severe,0.8787467073481026,10.463477234898612,-9.584730527550509,91.601771690034,65.61666666666666,42.61666666666667
geoprr_minus_deeplab,syncg,perspective_severe,0.8787467073481026,25.979116303141677,-25.100369595793573,96.61748807351913,67.6,53.60000000000001
geoprr_minus_resnet18,syncg,combined_severe,1.025022969965174,5.826984329818242,-4.801961359853069,82.40903163717368,58.74166666666666,36.87499999999999
geoprr_minus_efficientnet_b0,syncg,combined_severe,1.025022969965174,3.427499632180765,-2.402476662215591,70.09414792225672,45.166666666666664,14.833333333333329
geoprr_minus_mobilenet_v3_large,syncg,combined_severe,1.025022969965174,5.246159448119209,-4.221136478154035,80.46145985264225,56.34166666666666,31.008333333333326
geoprr_minus_yolo,syncg,combined_severe,1.025022969965174,17.869226744087904,-16.84420377412273,94.2637530731188,69.13333333333333,52.12499999999999
geoprr_minus_vdn,syncg,combined_severe,1.025022969965174,15.140169468475436,-14.115146498510262,93.22977875446205,65.675,47.2
geoprr_minus_deeplab,syncg,combined_severe,1.025022969965174,32.25412820571521,-31.229105235750037,96.82204100068174,68.63333333333333,58.166666666666664
geoprr_minus_resnet18,syncg,perspective_pair,0.8085985974933916,3.6217500825934557,-2.813151485100064,77.6738157229675,39.33750000000001,19.795833333333334
geoprr_minus_efficientnet_b0,syncg,perspective_pair,0.8085985974933916,2.3286103254517596,-1.520011727958368,65.27548690068956,30.75416666666667,7.4375
geoprr_minus_mobilenet_v3_large,syncg,perspective_pair,0.8085985974933916,3.32945707201619,-2.5208584745227984,75.71380017812527,39.120833333333344,16.47916666666667
geoprr_minus_yolo,syncg,perspective_pair,0.8085985974933916,7.459500765916722,-6.650902168423331,89.16015129071417,44.77083333333334,24.229166666666657
geoprr_minus_vdn,syncg,perspective_pair,0.8085985974933916,5.88601213532669,-5.077413537833299,86.26236951432122,38.854166666666686,21.791666666666657
geoprr_minus_deeplab,syncg,perspective_pair,0.8085985974933916,13.953768712415599,-13.145170114922207,94.2051598090921,46.116666666666674,28.07083333333334
geoprr_minus_resnet18,syncg,projective_three,0.8807400549839858,4.356828165001717,-3.4760881100177317,79.78483379126709,45.80555555555555,25.48888888888888
geoprr_minus_efficientnet_b0,syncg,projective_three,0.8807400549839858,2.694906761028095,-1.8141667060441091,67.31834779144688,35.55833333333334,9.902777777777771
geoprr_minus_mobilenet_v3_large,syncg,projective_three,0.8807400549839858,3.968357864050529,-3.0876178090665434,77.80593169374578,44.861111111111114,21.32222222222221
geoprr_minus_yolo,syncg,projective_three,0.8807400549839858,10.929409425307115,-10.048669370323129,91.94155859012265,52.89166666666667,33.52777777777776
geoprr_minus_vdn,syncg,projective_three,0.8807400549839858,8.970731246376273,-8.089991191392286,90.18207066074172,47.794444444444444,30.26111111111109
geoprr_minus_deeplab,syncg,projective_three,0.8807400549839858,20.05388854351547,-19.173148488531485,95.60813329009562,53.62222222222223,38.10277777777777
geoprr_minus_resnet18,rf100,all_conditions,3.205253847897903,7.850954565504903,-4.645700717607,59.173705297175296,21.927888153053715,28.292862398822663
geoprr_minus_efficientnet_b0,rf100,all_conditions,3.205253847897903,4.605721044383785,-1.4004671964858817,30.407121555779224,10.779985283296547,10.77998528329654
geoprr_minus_mobilenet_v3_large,rf100,all_conditions,3.205253847897903,5.94177331288839,-2.7365194649904874,46.05560193712981,21.00809418690214,18.837380426784392
geoprr_minus_yolo,rf100,all_conditions,3.205253847897903,17.85993633531307,-14.654682487415165,82.05338592635181,23.215599705665937,33.07579102281089
geoprr_minus_vdn,rf100,all_conditions,3.205253847897903,19.697148402856396,-16.491894554958492,83.72732041033365,27.851361295069914,32.855040470934505
geoprr_minus_deeplab,rf100,all_conditions,3.205253847897903,30.404008264419748,-27.198754416521844,89.45779181474289,30.31640912435615,39.330389992641635
geoprr_minus_resnet18,rf100,clean,3.32180761606359,6.062625754208916,-2.7408181381453263,45.20843359401726,11.479028697571742,14.569536423841072
geoprr_minus_efficientnet_b0,rf100,clean,3.32180761606359,3.3146532979001435,0.0071543181634465824,-0.21583910956777574,0.0,0.22075055187636394
geoprr_minus_mobilenet_v3_large,rf100,clean,3.32180761606359,3.5866934292823243,-0.26488581321873417,7.385237083720764,12.582781456953647,4.856512141280348
geoprr_minus_yolo,rf100,clean,3.32180761606359,10.355211655586267,-7.033404039522677,67.92139333751238,13.46578366445916,17.439293598233974
geoprr_minus_vdn,rf100,clean,3.32180761606359,14.526357766534417,-11.204550150470826,77.13254988310754,23.620309050772633,23.620309050772626
geoprr_minus_deeplab,rf100,clean,3.32180761606359,16.62477038567119,-13.3029627696076,80.01892634302702,17.439293598233995,17.660044150110366
geoprr_minus_resnet18,rf100,blur_moderate,3.182953247318318,6.039865383927551,-2.8569121366092327,47.30092402740713,12.362030905077276,14.569536423841043
geoprr_minus_efficientnet_b0,rf100,blur_moderate,3.182953247318318,3.173638777927743,0.00931446939057512,-0.2934949451511646,0.22075055187639236,0.0
geoprr_minus_mobilenet_v3_large,rf100,blur_moderate,3.182953247318318,3.520934675770714,-0.33798142845239587,9.599196224179124,14.128035320088308,4.635761589403955
geoprr_minus_yolo,rf100,blur_moderate,3.182953247318318,10.476214804441053,-7.293261557122735,69.61733501331982,13.245033112582789,20.08830022075054
geoprr_minus_vdn,rf100,blur_moderate,3.182953247318318,14.686606509811032,-11.503653262492714,78.32751054375956,26.710816777041956,28.035320088300217
geoprr_minus_deeplab,rf100,blur_moderate,3.182953247318318,17.051864510648105,-13.868911263329787,81.33369377096147,22.29580573951435,21.6335540838852
geoprr_minus_resnet18,rf100,blur_severe,2.957869046252152,6.071934242381059,-3.114065196128907,51.286214109389825,16.335540838852097,15.231788079470206
geoprr_minus_efficientnet_b0,rf100,blur_severe,2.957869046252152,2.9476297019459476,0.010239344306204323,-0.347375530225,-7.105427357601002e-15,0.0
geoprr_minus_mobilenet_v3_large,rf100,blur_severe,2.957869046252152,3.3571006765449796,-0.3992316302928276,11.892155426917492,14.34878587196468,5.960264900662253
geoprr_minus_yolo,rf100,blur_severe,2.957869046252152,11.146422630208075,-8.188553583955922,73.4635125153429,15.231788079470192,21.19205298013246
geoprr_minus_vdn,rf100,blur_severe,2.957869046252152,17.09859536409794,-14.140726317845786,82.70109922325658,32.671081677704194,35.099337748344375
geoprr_minus_deeplab,rf100,blur_severe,2.957869046252152,18.278720771310173,-15.32085172505802,83.81796470738395,24.944812362030902,25.165562913907294
geoprr_minus_resnet18,rf100,perspective_moderate,3.073809523416738,6.812581332248578,-3.7387718088318396,54.88039887514724,21.412803532008823,27.152317880794705
geoprr_minus_efficientnet_b0,rf100,perspective_moderate,3.073809523416738,3.933718954892195,-0.8599094314754567,21.85996105303926,9.933774834437088,6.181015452538631
geoprr_minus_mobilenet_v3_large,rf100,perspective_moderate,3.073809523416738,4.9380496258353475,-1.8642401024186093,37.75255908051439,18.10154525386313,14.128035320088301
geoprr_minus_yolo,rf100,perspective_moderate,3.073809523416738,13.444892171919168,-10.37108264850243,77.13771531885797,22.51655629139072,29.139072847682122
geoprr_minus_vdn,rf100,perspective_moderate,3.073809523416738,11.988823453141478,-8.91501392972474,74.36104105268733,19.205298013245027,19.205298013245027
geoprr_minus_deeplab,rf100,perspective_moderate,3.073809523416738,22.711996501634406,-19.638186978217668,86.46614126065253,29.359823399558497,34.437086092715234
geoprr_minus_resnet18,rf100,perspective_severe,3.2765645040432125,10.859078835773287,-7.582514331730074,69.82649676279024,36.8653421633554,49.22737306843268
geoprr_minus_efficientnet_b0,rf100,perspective_severe,3.2765645040432125,7.0688432248839455,-3.792278720840733,53.64779781069474,28.03532008830021,28.69757174392936
geoprr_minus_mobilenet_v3_large,rf100,perspective_severe,3.2765645040432125,10.244721926999418,-6.968157422956205,68.01704792583972,35.7615894039735,42.3841059602649
geoprr_minus_yolo,rf100,perspective_severe,3.2765645040432125,28.07967986619428,-24.80311536215107,88.33118995780313,37.08609271523178,54.30463576158941
geoprr_minus_vdn,rf100,perspective_severe,3.2765645040432125,25.52629144413147,-22.24972694008826,87.1639618656924,32.4503311258278,41.280353200883006
geoprr_minus_deeplab,rf100,perspective_severe,3.2765645040432125,51.689375433383454,-48.41281092934024,93.66104837489088,45.03311258278145,67.3289183222958
geoprr_minus_resnet18,rf100,combined_severe,3.4185191502934065,11.259641844490025,-7.841122694196619,69.63918393224665,33.11258278145695,49.00662251655629
geoprr_minus_efficientnet_b0,rf100,combined_severe,3.4185191502934065,7.195842308752737,-3.7773231584593305,52.493134179229365,26.490066225165553,29.58057395143488
geoprr_minus_mobilenet_v3_large,rf100,combined_severe,3.4185191502934065,10.003139542897557,-6.584620392604151,65.82553771610007,31.125827814569526,41.059602649006614
geoprr_minus_yolo,rf100,combined_severe,3.4185191502934065,33.657196883529565,-30.23867773323616,89.84312578934258,37.74834437086092,56.29139072847683
geoprr_minus_vdn,rf100,combined_severe,3.4185191502934065,34.35621587942206,-30.937696729128653,90.04977974788848,32.4503311258278,49.88962472406181
geoprr_minus_deeplab,rf100,combined_severe,3.4185191502934065,56.06732198387113,-52.648802833577726,93.90283140101322,42.82560706401765,69.75717439293598
geoprr_minus_resnet18,rf100,perspective_pair,3.1751870137299756,8.835830084010931,-5.660643070280956,64.06464380210633,29.13907284768212,38.189845474613676
geoprr_minus_efficientnet_b0,rf100,perspective_pair,3.1751870137299756,5.50128108988807,-2.3260940761580944,42.28277083375541,18.98454746136865,17.439293598233988
geoprr_minus_mobilenet_v3_large,rf100,perspective_pair,3.1751870137299756,7.591385776417383,-4.416198762687407,58.173815595122505,26.931567328918316,28.25607064017659
geoprr_minus_yolo,rf100,perspective_pair,3.1751870137299756,20.762286019056724,-17.58709900532675,84.7069488840698,29.801324503311257,41.721854304635755
geoprr_minus_vdn,rf100,perspective_pair,3.1751870137299756,18.757557448636476,-15.582370434906501,83.07249212790877,25.82781456953642,30.242825607064006
geoprr_minus_deeplab,rf100,perspective_pair,3.1751870137299756,37.20068596750893,-34.02549895377896,91.46470842902417,37.196467991169975,50.883002207505506
geoprr_minus_resnet18,rf100,projective_three,3.256297725917786,9.643767337503963,-6.387469611586177,66.2341737211529,30.463576158940402,41.795437821927884
geoprr_minus_efficientnet_b0,rf100,projective_three,3.256297725917786,6.066134829509627,-2.8098371035918412,46.32005688239841,21.486387049300962,21.48638704930096
geoprr_minus_mobilenet_v3_large,rf100,projective_three,3.256297725917786,8.39530369857744,-5.139005972659653,61.21286563499118,28.32965415746873,32.523914643119944
geoprr_minus_yolo,rf100,projective_three,3.256297725917786,25.060589640547676,-21.80429191462989,87.00630043975843,32.450331125827816,46.57836644591612
geoprr_minus_vdn,rf100,projective_three,3.256297725917786,23.957110258898336,-20.70081253298055,86.40780256580274,28.03532008830022,36.79175864606328
geoprr_minus_deeplab,rf100,projective_three,3.256297725917786,43.48956463962966,-40.23326691371188,92.51246189079922,39.0728476821192,57.17439293598234
geoprr_minus_resnet18,industrial,all_conditions,11.623503306597366,22.02014447584967,-10.396641169252304,47.21422777518419,13.401035444046196,27.299880525686973
geoprr_minus_efficientnet_b0,industrial,all_conditions,11.623503306597366,13.691356237660731,-2.0678529310633653,15.10334619279962,7.060931899641577,10.406212664277177
geoprr_minus_mobilenet_v3_large,industrial,all_conditions,11.623503306597366,16.437110517420265,-4.8136072108229,29.284996324149404,9.072082835523696,18.072481083233768
geoprr_minus_yolo,industrial,all_conditions,11.623503306597366,32.69751352784665,-21.07401022124929,64.45141525303362,3.1381919553962554,15.675029868578257
geoprr_minus_vdn,industrial,all_conditions,11.623503306597366,33.051908245997346,-21.428404939399982,64.83258025501449,0.03584229390680704,14.918359219434485
geoprr_minus_deeplab,industrial,all_conditions,11.623503306597366,39.475250675254394,-27.85174736865703,70.55496011356878,2.1505376344086002,16.129032258064512
geoprr_minus_resnet18,industrial,clean,12.244004372240584,17.0253763649807,-4.781371992740118,28.083796153692475,7.574671445639181,15.388291517323772
geoprr_minus_efficientnet_b0,industrial,clean,12.244004372240584,12.229215720369194,0.014788651871390002,-0.12092886583689719,0.14336917562723173,-0.28673835125448477
geoprr_minus_mobilenet_v3_large,industrial,clean,12.244004372240584,14.776480054333806,-2.5324756820932226,17.13855852531314,3.1780167264038184,8.410991636798087
geoprr_minus_yolo,industrial,clean,12.244004372240584,16.741515576188416,-4.497511203947832,26.86442086727606,-10.609318996415777,-4.157706093189965
geoprr_minus_vdn,industrial,clean,12.244004372240584,24.127495835610393,-11.88349146336981,49.25290027749444,-4.54002389486261,7.383512544802869
geoprr_minus_deeplab,industrial,clean,12.244004372240584,16.071023114885936,-3.827018742645352,23.81316183348987,-10.943847072879333,-4.157706093189965
geoprr_minus_resnet18,industrial,blur_moderate,12.199322686115734,17.02504840471708,-4.825725718601346,28.34485755273563,7.861409796893668,15.4599761051374
geoprr_minus_efficientnet_b0,industrial,blur_moderate,12.199322686115734,12.187103451979702,0.012219234136031432,-0.10026364496025107,0.11947431302269962,-0.2628434886499349
geoprr_minus_mobilenet_v3_large,industrial,blur_moderate,12.199322686115734,14.694191360288597,-2.4948686741728636,16.97860476293582,3.3452807646356035,8.55436081242533
geoprr_minus_yolo,industrial,blur_moderate,12.199322686115734,16.379301028729966,-4.179978342614232,25.519882290962105,-9.844683393070493,-4.253285543608129
geoprr_minus_vdn,industrial,blur_moderate,12.199322686115734,23.936134178176115,-11.736811492060381,49.03386405128642,-3.9426523297491087,7.4313022700119475
geoprr_minus_deeplab,industrial,blur_moderate,12.199322686115734,15.982305037989953,-3.782982351874219,23.6698169812306,-9.844683393070493,-3.5364396654719243
geoprr_minus_resnet18,industrial,blur_severe,12.320650535300432,17.474987192088413,-5.154336656787981,29.49551035506077,7.096774193548388,15.412186379928308
geoprr_minus_efficientnet_b0,industrial,blur_severe,12.320650535300432,12.311383579473473,0.009266955826959133,-0.07527144099717392,0.16726403823177804,-0.23894862604540634
geoprr_minus_mobilenet_v3_large,industrial,blur_severe,12.320650535300432,14.58534216670995,-2.2646916314095176,15.52717519770309,3.2974910394265216,8.769414575866186
geoprr_minus_yolo,industrial,blur_severe,12.320650535300432,14.251252131738369,-1.9306015964379366,13.546891028181127,-10.967741935483865,-7.6224611708482755
geoprr_minus_vdn,industrial,blur_severe,12.320650535300432,23.025528027469065,-10.704877492168633,46.49134421324842,-4.324970131421747,5.495818399044197
geoprr_minus_deeplab,industrial,blur_severe,12.320650535300432,15.733139662114729,-3.4124891268142967,21.689816528048386,-9.677419354838712,-4.086021505376351
geoprr_minus_resnet18,industrial,perspective_moderate,10.508071511446037,21.682767770044215,-11.174696258598178,51.53722244831012,15.244922341696531,30.203106332138592
geoprr_minus_efficientnet_b0,industrial,perspective_moderate,10.508071511446037,11.503035881319864,-0.9949643698738271,8.649580685822084,10.107526881720428,8.697729988052572
geoprr_minus_mobilenet_v3_large,industrial,perspective_moderate,10.508071511446037,15.14837788356116,-4.640306372115123,30.632364783761624,9.629629629629628,15.627240143369178
geoprr_minus_yolo,industrial,perspective_moderate,10.508071511446037,30.325081320058477,-19.81700980861244,65.34857928148246,8.769414575866186,22.795698924731187
geoprr_minus_vdn,industrial,perspective_moderate,10.508071511446037,25.368248269976657,-14.86017675853062,58.57785922143332,-5.471923536439668,10.657108721624851
geoprr_minus_deeplab,industrial,perspective_moderate,10.508071511446037,38.012190787622494,-27.504119276176457,72.35604869460019,4.133811230585422,21.672640382317805
geoprr_minus_resnet18,industrial,perspective_severe,11.603921939772173,28.71284729634419,-17.108925356572016,59.58630706314653,20.86021505376344,42.580645161290334
geoprr_minus_efficientnet_b0,industrial,perspective_severe,11.603921939772173,17.109952529657768,-5.5060305898855955,32.18027975438063,15.412186379928315,26.642771804062132
geoprr_minus_mobilenet_v3_large,industrial,perspective_severe,11.603921939772173,19.09310229490812,-7.489180355135948,39.224533758106006,16.79808841099164,31.56511350059738
geoprr_minus_yolo,industrial,perspective_severe,11.603921939772173,57.21949030584849,-45.61556836607632,79.72033326800515,20.38231780167264,42.60454002389487
geoprr_minus_vdn,industrial,perspective_severe,11.603921939772173,48.963971553976435,-37.360049614204264,76.3011014599166,9.199522102747911,28.29151732377539
geoprr_minus_deeplab,industrial,perspective_severe,11.603921939772173,74.06134857950748,-62.45742663973531,84.33201371250357,18.781362007168457,41.72043010752689
geoprr_minus_resnet18,industrial,combined_severe,10.865048794709232,30.1998398269234,-19.33479103221417,64.02282642233436,21.76821983273596,44.75507765830346
geoprr_minus_efficientnet_b0,industrial,combined_severe,10.865048794709232,16.807446263164387,-5.942397468455155,35.35574277859606,16.41577060931899,27.88530465949821
geoprr_minus_mobilenet_v3_large,industrial,combined_severe,10.865048794709232,20.32516934471995,-9.460120550010718,46.54387075238937,18.183990442054952,35.50776583034648
geoprr_minus_yolo,industrial,combined_severe,10.865048794709232,61.2684408045162,-50.40339200980697,82.26648393195548,21.099163679808836,44.68339307048985
geoprr_minus_vdn,industrial,combined_severe,10.865048794709232,52.8900716107754,-42.02502281606617,79.45729989804802,9.295101553166067,30.25089605734767
geoprr_minus_deeplab,industrial,combined_severe,10.865048794709232,76.99149686940574,-66.1264480746965,85.8879886266678,20.454002389486256,45.16129032258065
geoprr_minus_resnet18,industrial,perspective_pair,11.055996725609106,25.197807533194204,-14.141810807585099,56.12317972091601,18.05256869772999,36.391875746714454
geoprr_minus_efficientnet_b0,industrial,perspective_pair,11.055996725609106,14.306494205488814,-3.2504974798797086,22.720433344408207,12.759856630824375,17.670250896057347
geoprr_minus_mobilenet_v3_large,industrial,perspective_pair,11.055996725609106,17.120740089234634,-6.064743363625528,35.423371489874924,13.213859020310634,23.596176821983274
geoprr_minus_yolo,industrial,perspective_pair,11.055996725609106,43.772285812953484,-32.71628908734438,74.74201650593875,14.575866188769416,32.70011947431302
geoprr_minus_vdn,industrial,perspective_pair,11.055996725609106,37.166109911976534,-26.11011318636743,70.25247799192893,1.8637992831541226,19.474313022700123
geoprr_minus_deeplab,industrial,perspective_pair,11.055996725609106,56.036769683565005,-44.9807729579559,80.27010338382921,11.457586618876944,31.69653524492234
geoprr_minus_resnet18,industrial,projective_three,10.992347415309146,26.865151631103938,-15.872804215794792,59.083248193609954,19.29111907606531,39.179609717244126
geoprr_minus_efficientnet_b0,industrial,projective_three,10.992347415309146,15.140144891380675,-4.1477974760715295,27.396022335512004,13.978494623655914,21.0752688172043
geoprr_minus_mobilenet_v3_large,industrial,projective_three,10.992347415309146,18.18888317439641,-7.196535759087263,39.5655724987968,14.870569494225409,27.566706491437674
geoprr_minus_yolo,industrial,projective_three,10.992347415309146,49.60433747680771,-38.61199006149856,77.83994712065538,16.750298685782557,36.69454400637196
geoprr_minus_vdn,industrial,projective_three,10.992347415309146,42.40743047824282,-31.415083062933675,74.0791948690483,4.340900039824767,23.06650736758264
geoprr_minus_deeplab,industrial,projective_three,10.992347415309146,63.02167874551191,-52.029331330202766,82.55783147304376,14.456391875746714,36.18478693747511
