family,method,dataset,scope,seeds,nmae_pct_fs_mean,nmae_pct_fs_sample_sd,acc_at_2_pct_mean,acc_at_2_pct_sample_sd,acc_at_5_pct_mean,acc_at_5_pct_sample_sd,coverage_pct_mean,coverage_pct_sample_sd,failures_mean,failures_sample_sd
main,resnet18,industrial,all_conditions,3,22.020144475849666,0.9946623499148637,10.665073675826365,1.7039371625228548,24.508164078056552,3.200692837947421,100.0,0.0,0.0,0.0
main,resnet18,industrial,clean,3,17.0253763649807,0.8460246018391622,15.818399044205497,1.2628157956247363,36.6547192353644,3.373240385922077,100.0,0.0,0.0,0.0
main,resnet18,industrial,blur_moderate,3,17.02504840471708,0.8994366364363992,16.176821983273594,1.4360792546061378,36.72640382317801,2.9697959519925683,100.0,0.0,0.0,0.0
main,resnet18,industrial,blur_severe,3,17.474987192088417,1.0516169666505926,16.487455197132615,2.7938602537498314,36.43966547192354,2.0805003155116135,100.0,0.0,0.0,0.0
main,resnet18,industrial,perspective_moderate,3,21.682767770044222,1.1930947915082835,9.534050179211471,2.8376595574035104,23.369175627240143,6.561783355867683,100.0,0.0,0.0,0.0
main,resnet18,industrial,perspective_severe,3,28.712847296344197,2.4859039166162495,3.106332138590203,1.1829767067609622,7.144563918757466,2.729040197900929,100.0,0.0,0.0,0.0
main,resnet18,industrial,combined_severe,3,30.199839826923398,2.1291752483874893,2.8673835125448033,1.5964915735713328,6.714456391875747,2.9032995550908596,100.0,0.0,0.0,0.0
main,resnet18,industrial,perspective_pair,3,25.197807533194208,1.4858341536094486,6.320191158900836,1.8086453842847816,15.256869772998806,4.104894684354569,100.0,0.0,0.0,0.0
main,resnet18,industrial,projective_three,3,26.86515163110394,1.645831520427949,5.169255276782159,1.6832456643335545,12.409398645957786,3.616290957306852,100.0,0.0,0.0,0.0
main,efficientnet_b0,industrial,all_conditions,3,13.691356237660733,2.4021207959832553,17.005177220230983,1.3382367524767707,41.40183193946635,4.167056688508601,100.0,0.0,0.0,0.0
main,efficientnet_b0,industrial,clean,3,12.229215720369195,2.114578099755241,23.249701314217447,2.588928694056271,52.32974910394265,2.6319082079836305,100.0,0.0,0.0,0.0
main,efficientnet_b0,industrial,blur_moderate,3,12.187103451979704,2.1190426433225955,23.918757467144562,2.336448414034816,52.449223416965346,2.3309435408854875,100.0,0.0,0.0,0.0
main,efficientnet_b0,industrial,blur_severe,3,12.311383579473471,2.3575559913205906,23.416965352449225,2.0456291255268337,52.090800477897254,2.329841005447746,100.0,0.0,0.0,0.0
main,efficientnet_b0,industrial,perspective_moderate,3,11.503035881319862,1.4697480433787378,14.671445639187574,1.8420753999720947,44.87455197132616,6.288662996261307,100.0,0.0,0.0,0.0
main,efficientnet_b0,industrial,perspective_severe,3,17.10995252965777,3.064480494015884,8.55436081242533,1.33212519615449,23.082437275985665,5.279899592349905,100.0,0.0,0.0,0.0
main,efficientnet_b0,industrial,combined_severe,3,16.80744626316439,3.429291691130615,8.219832735961768,2.007595107411706,23.584229390681003,6.828121617221537,100.0,0.0,0.0,0.0
main,efficientnet_b0,industrial,perspective_pair,3,14.306494205488818,2.233688649287227,11.61290322580645,1.478250224179303,33.97849462365591,5.575867596758785,100.0,0.0,0.0,0.0
main,efficientnet_b0,industrial,projective_three,3,15.140144891380677,2.6296509409344266,10.481879729191556,1.6458571367101462,30.513739545997613,5.967834620042005,100.0,0.0,0.0,0.0
main,mobilenet_v3_large,industrial,all_conditions,3,16.437110517420262,4.679174932974803,14.994026284348864,2.447561869018281,33.73556352050976,6.635551430900138,100.0,0.0,0.0,0.0
main,mobilenet_v3_large,industrial,clean,3,14.776480054333804,1.8943368565891328,20.21505376344086,3.2951526694082296,43.63201911589008,5.557443699645404,100.0,0.0,0.0,0.0
main,mobilenet_v3_large,industrial,blur_moderate,3,14.694191360288599,1.838421148019359,20.69295101553166,3.305532763379447,43.63201911589008,5.2404980210035985,100.0,0.0,0.0,0.0
main,mobilenet_v3_large,industrial,blur_severe,3,14.585342166709951,1.4168409602478285,20.28673835125448,3.167939755409942,43.08243727598566,4.35509682554381,100.0,0.0,0.0,0.0
main,mobilenet_v3_large,industrial,perspective_moderate,3,15.148377883561158,6.0485350080911635,15.149342891278375,3.215701683140708,37.94504181600956,10.999867055312956,100.0,0.0,0.0,0.0
main,mobilenet_v3_large,industrial,perspective_severe,3,19.093102294908117,8.361335057321831,7.168458781362006,3.5669835998923958,18.160095579450417,9.102625517378787,100.0,0.0,0.0,0.0
main,mobilenet_v3_large,industrial,combined_severe,3,20.32516934471995,8.598611542019833,6.451612903225807,3.7082486469899822,15.961768219832736,7.617590755707074,100.0,0.0,0.0,0.0
main,mobilenet_v3_large,industrial,perspective_pair,3,17.12074008923464,7.204904214014244,11.158900836320191,3.257576198926426,28.052568697729985,9.96450151113456,100.0,0.0,0.0,0.0
main,mobilenet_v3_large,industrial,projective_three,3,18.18888317439641,7.662429998558408,9.589804858622061,3.381130094713715,24.02230187176424,9.178623979638816,100.0,0.0,0.0,0.0
main,yolo,industrial,all_conditions,3,32.69751352784665,6.458351130938141,20.927917164476305,1.5143732464298993,36.13301473516527,1.8012643109807955,89.41059338908799,8.29405045792267,886.3333333333334,694.212023328128
main,yolo,industrial,clean,3,16.74151557618842,2.7518949255008645,34.002389486260455,3.8365209221013403,56.200716845878134,1.517276737528083,99.7610513739546,0.16554846428375805,3.3333333333333335,2.3094010767585034
main,yolo,industrial,blur_moderate,3,16.379301028729966,3.1513172890341465,33.882915173237755,3.6764713565182707,56.43966547192354,0.5427869386666891,99.59378733572282,0.23043370994009293,5.666666666666667,3.2145502536643185
main,yolo,industrial,blur_severe,3,14.251252131738369,4.666671581115739,34.55197132616487,4.039221386947899,59.47431302270012,2.190000332117484,99.68936678614098,0.10950001660586828,4.333333333333333,1.5275252316519465
main,yolo,industrial,perspective_moderate,3,30.325081320058477,6.118397883183231,16.009557945041816,4.480334527821589,30.776583034647548,4.937571410130438,93.69175627240143,9.046185995787788,88.0,126.19429464123962
main,yolo,industrial,perspective_severe,3,57.219490305848474,13.821458775553493,3.584229390681004,2.8637970402061907,7.120669056152927,4.902582978535593,75.221027479092,17.88675313710436,345.6666666666667,249.52020626260577
main,yolo,industrial,combined_severe,3,61.26844080451619,18.375101746158723,3.536439665471924,3.341096546907222,6.786140979689367,6.241226504369306,68.50657108721624,25.2595710817879,439.3333333333333,352.37101659094117
main,yolo,industrial,perspective_pair,3,43.77228581295348,7.548176794510669,9.79689366786141,2.5607389693670752,18.94862604540024,3.6021653975929393,84.45639187574672,12.481681099310299,433.6666666666667,348.2389026707575
main,yolo,industrial,projective_three,3,49.60433747680772,11.103100120514698,7.710075667064914,2.5478393306103406,14.894464356829948,4.281672239618704,79.13978494623656,16.62775140178136,873.0,695.8713961645499
main,vdn,industrial,all_conditions,3,33.051908245997346,8.63035016214499,24.030266825965754,3.2341220605868677,36.88968538430904,4.952240299406633,89.41059338908799,8.29405045792267,886.3333333333334,694.212023328128
main,vdn,industrial,clean,3,24.127495835610393,3.0674890995454716,27.93309438470729,3.1486865299936215,44.6594982078853,3.190568184124428,99.7610513739546,0.16554846428375805,3.3333333333333335,2.3094010767585034
main,vdn,industrial,blur_moderate,3,23.936134178176115,3.2853574262367897,27.98088410991637,2.7710830026560975,44.75507765830346,4.405735777871746,99.59378733572282,0.23043370994009293,5.666666666666667,3.2145502536643185
main,vdn,industrial,blur_severe,3,23.025528027469065,3.4362869242382077,27.90919952210275,3.82444722062956,46.35603345280765,4.795014889970122,99.68936678614098,0.10950001660586828,4.333333333333333,1.5275252316519465
main,vdn,industrial,perspective_moderate,3,25.36824826997665,7.452496352503635,30.25089605734767,4.205020609623645,42.91517323775388,3.7388397728439857,93.69175627240143,9.046185995787788,88.0,126.19429464123962
main,vdn,industrial,perspective_severe,3,48.96397155397643,14.860212213006493,14.767025089605733,4.35096513419169,21.433691756272406,6.15861981612711,75.221027479092,17.88675313710436,345.6666666666667,249.52020626260577
main,vdn,industrial,combined_severe,3,52.89007161077541,21.83667007675477,15.340501792114694,6.2710700071802625,21.218637992831543,9.37973040688683,68.50657108721624,25.2595710817879,439.3333333333333,352.37101659094117
main,vdn,industrial,perspective_pair,3,37.16610991197654,10.614530022631754,22.508960573476703,4.009373531700363,32.174432497013136,4.798362694278928,84.45639187574672,12.481681099310299,433.6666666666667,348.2389026707575
main,vdn,industrial,projective_three,3,42.40743047824284,14.289985574808153,20.119474313022703,4.661887081770973,28.52250099561927,6.304818470772758,79.13978494623656,16.62775140178136,873.0,695.8713961645499
main,deeplab,industrial,all_conditions,3,39.475250675254394,1.8137643658620766,21.91557148546396,2.9739346073132267,35.67901234567901,3.291389029136184,76.39585822381521,0.9748205891747534,1975.6666666666667,81.59248331392625
main,deeplab,industrial,clean,3,16.071023114885936,1.4179969570002127,34.33691756272401,3.290470944094196,56.200716845878134,3.1221909305207975,98.27956989247313,0.5867636395607505,24.0,8.18535277187245
main,deeplab,industrial,blur_moderate,3,15.982305037989958,1.646087042624399,33.882915173237755,3.519365284635484,55.722819593787335,3.8976469000772873,97.92114695340501,1.0412787846834395,29.0,14.52583904633395
main,deeplab,industrial,blur_severe,3,15.733139662114729,2.4663001312800246,33.261648745519715,3.7884473868742137,55.9378733572282,5.915317903427107,97.4910394265233,0.7586383687640361,35.0,10.583005244258363
main,deeplab,industrial,perspective_moderate,3,38.0121907876225,7.453123408963965,20.64516129032258,7.288951492784062,31.89964157706093,8.13264729060229,85.97371565113501,7.243100050436594,195.66666666666666,101.04124570359043
main,deeplab,industrial,perspective_severe,3,74.0613485795075,1.5589296092581637,5.185185185185186,1.2130026424369937,8.004778972520908,2.085434315283977,41.29032258064516,5.483285278068282,819.0,76.49182962905255
main,deeplab,industrial,combined_severe,3,76.99149686940574,2.12202140661149,4.181600955794504,1.5330002324822405,6.308243727598565,2.11803393587013,37.41935483870968,1.5053763440860222,873.0,21.0
main,deeplab,industrial,perspective_pair,3,56.03676968356499,3.135706458797234,12.915173237753882,3.6101808407721756,19.952210274790918,4.242330810847594,63.63201911589008,2.19615107070467,1014.6666666666666,61.27261487266015
main,deeplab,industrial,projective_three,3,63.02167874551191,2.793940581177681,10.003982477100756,2.665250298665186,15.404221425726803,3.2982124237616386,54.89446435682995,1.1962555142879183,1887.6666666666667,50.06329327294933
main,geoprr,industrial,all_conditions,3,11.623503306597366,1.6030251902538277,24.06610911987256,2.6147229319984513,51.808044603743525,3.3372777913430585,100.0,0.0,0.0,0.0
main,geoprr,industrial,clean,3,12.244004372240584,2.0520196985777064,23.39307048984468,2.6536210489609204,52.04301075268817,2.1119598369399624,100.0,0.0,0.0,0.0
main,geoprr,industrial,blur_moderate,3,12.199322686115734,2.0602660422319277,24.038231780167262,2.098943011325949,52.18637992831541,2.0639684657903894,100.0,0.0,0.0,0.0
main,geoprr,industrial,blur_severe,3,12.320650535300432,2.3077893697845586,23.584229390681003,1.7069363297190898,51.85185185185185,1.9740396226831898,100.0,0.0,0.0,0.0
main,geoprr,industrial,perspective_moderate,3,10.508071511446039,1.3077173597308178,24.778972520908003,2.5041770408633575,53.572281959378735,4.313800371382273,100.0,0.0,0.0,0.0
main,geoprr,industrial,perspective_severe,3,11.603921939772173,1.2319839767426277,23.966547192353644,5.181825602301919,49.7252090800478,5.749681919004046,100.0,0.0,0.0,0.0
main,geoprr,industrial,combined_severe,3,10.865048794709232,1.379836282209611,24.63560334528076,3.7154014214590294,51.46953405017921,5.167260585215798,100.0,0.0,0.0,0.0
main,geoprr,industrial,perspective_pair,3,11.055996725609106,1.257698821368273,24.372759856630825,3.7198361415633183,51.64874551971326,4.860299636611877,100.0,0.0,0.0,0.0
main,geoprr,industrial,projective_three,3,10.992347415309148,1.2978680004224796,24.46037435284747,3.717961789907132,51.58900836320191,4.939710225824627,100.0,0.0,0.0,0.0
main,resnet18,rf100,all_conditions,3,7.850954565504902,0.5142153471239599,34.069168506254606,5.03429042670866,56.843267108167765,4.431536401740561,100.0,0.0,0.0,0.0
main,resnet18,rf100,clean,3,6.062625754208917,0.45886780076971745,46.57836644591612,5.632384468950584,69.75717439293597,5.05803056838393,100.0,0.0,0.0,0.0
main,resnet18,rf100,blur_moderate,3,6.039865383927551,0.42841444533575446,46.79911699779249,5.393727029964953,71.08167770419426,5.393727029964952,100.0,0.0,0.0,0.0
main,resnet18,rf100,blur_severe,3,6.071934242381059,0.3333579321692279,45.033112582781456,6.882321089677659,72.18543046357615,5.735267574731383,100.0,0.0,0.0,0.0
main,resnet18,rf100,perspective_moderate,3,6.8125813322485795,0.611111419771529,33.333333333333336,4.6984098573493975,58.719646799116994,7.900896321489306,100.0,0.0,0.0,0.0
main,resnet18,rf100,perspective_severe,3,10.859078835773287,1.143679789803763,15.452538631346577,5.393727029964953,34.43708609271523,7.807831869239467,100.0,0.0,0.0,0.0
main,resnet18,rf100,combined_severe,3,11.259641844490028,1.261302872610833,17.218543046357613,5.735267574731381,34.87858719646799,7.324794712157643,100.0,0.0,0.0,0.0
main,resnet18,rf100,perspective_pair,3,8.835830084010931,0.8653094815094297,24.392935982339953,4.639701888958873,46.57836644591612,7.824198056709618,100.0,0.0,0.0,0.0
main,resnet18,rf100,projective_three,3,9.643767337503965,0.9883797153315484,22.00147167034584,4.9672961977152825,42.67844002943341,7.622556299384928,100.0,0.0,0.0,0.0
main,efficientnet_b0,rf100,all_conditions,3,4.6057210443837855,0.5570178090725282,45.21707137601177,2.549007810991728,74.35614422369389,2.7401833968161062,100.0,0.0,0.0,0.0
main,efficientnet_b0,rf100,clean,3,3.3146532979001435,0.5191438515560842,58.05739514348786,1.3785867546133352,84.10596026490067,2.8866880420799124,100.0,0.0,0.0,0.0
main,efficientnet_b0,rf100,blur_moderate,3,3.1736387779277435,0.47799434539137253,58.94039735099337,1.752153186135493,85.6512141280353,1.9117558582437888,100.0,0.0,0.0,0.0
main,efficientnet_b0,rf100,blur_severe,3,2.947629701945948,0.4640663177894592,61.36865342163356,1.6666301181613126,87.41721854304636,1.7521531861354864,100.0,0.0,0.0,0.0
main,efficientnet_b0,rf100,perspective_moderate,3,3.933718954892195,0.5128845152364138,44.81236203090507,5.058030568383931,79.69094922737307,0.7647023432975122,100.0,0.0,0.0,0.0
main,efficientnet_b0,rf100,perspective_severe,3,7.068843224883948,0.7739929777220876,24.282560706401767,3.3984115493025726,54.966887417218544,7.6374586719674165,100.0,0.0,0.0,0.0
main,efficientnet_b0,rf100,combined_severe,3,7.195842308752737,0.9783404507188096,23.841059602649008,5.256459558406471,54.3046357615894,5.42076342508109,100.0,0.0,0.0,0.0
main,efficientnet_b0,rf100,perspective_pair,3,5.501281089888071,0.5942774040343952,34.54746136865342,3.721791456972927,67.3289183222958,3.571454677122173,100.0,0.0,0.0,0.0
main,efficientnet_b0,rf100,projective_three,3,6.066134829509626,0.7069791532573098,30.97866077998528,4.225129424563823,62.987490802060336,4.172905630245131,100.0,0.0,0.0,0.0
main,mobilenet_v3_large,rf100,all_conditions,3,5.94177331288839,1.074259851351895,34.98896247240618,4.525386313465784,66.29874908020604,2.191813246299702,100.0,0.0,0.0,0.0
main,mobilenet_v3_large,rf100,clean,3,3.5866934292823243,0.5660335931343073,45.47461368653421,10.561477893073453,79.47019867549669,7.63745867196742,100.0,0.0,0.0,0.0
main,mobilenet_v3_large,rf100,blur_moderate,3,3.5209346757707145,0.4990356416469549,45.033112582781456,9.99978070896788,81.01545253863135,7.0190344792868204,100.0,0.0,0.0,0.0
main,mobilenet_v3_large,rf100,blur_severe,3,3.3571006765449796,0.23363608993319016,47.019867549668874,8.029374604623932,81.45695364238411,3.973509933774835,100.0,0.0,0.0,0.0
main,mobilenet_v3_large,rf100,perspective_moderate,3,4.9380496258353475,0.8908777993712728,36.64459161147903,2.7571735092266656,71.7439293598234,3.765722319918761,100.0,0.0,0.0,0.0
main,mobilenet_v3_large,rf100,perspective_severe,3,10.244721926999418,3.001848407966778,16.55629139072848,0.6622516556291389,41.280353200883006,6.009120348263224,100.0,0.0,0.0,0.0
main,mobilenet_v3_large,rf100,combined_severe,3,10.003139542897557,3.159872215659256,19.205298013245034,2.886688042079916,42.82560706401767,7.081242795737505,100.0,0.0,0.0,0.0
main,mobilenet_v3_large,rf100,perspective_pair,3,7.591385776417383,1.9168685769886724,26.600441501103756,1.0644206137961318,56.512141280353205,4.40948882018503,100.0,0.0,0.0,0.0
main,mobilenet_v3_large,rf100,projective_three,3,8.395303698577441,2.3311052072724716,24.13539367181751,0.8921527338471047,51.94996320824135,4.986878256028673,100.0,0.0,0.0,0.0
main,yolo,rf100,all_conditions,3,17.85993633531307,5.147897143090215,32.78145695364238,0.9430467710063486,52.06033848417954,1.6271776591240583,94.8859455481972,5.41889025614404,46.333333333333336,49.09514572066502
main,yolo,rf100,clean,3,10.355211655586269,0.10494375332355818,44.5916114790287,3.3332602363226282,66.88741721854306,1.1470535149462766,100.0,0.0,0.0,0.0
main,yolo,rf100,blur_moderate,3,10.476214804441055,0.6704093315265333,45.916114790286976,2.0232122273535715,65.56291390728477,2.294107029892553,99.77924944812362,0.3823511716487643,0.3333333333333333,0.5773502691896258
main,yolo,rf100,blur_severe,3,11.146422630208079,1.2221480225624117,46.13686534216336,2.676458201541313,66.2251655629139,3.441160544838838,99.77924944812362,0.3823511716487643,0.3333333333333333,0.5773502691896258
main,yolo,rf100,perspective_moderate,3,13.44489217191917,2.0209023355304296,32.22958057395144,2.6764582015413114,56.732891832229576,3.1296792226838477,100.0,0.0,0.0,0.0
main,yolo,rf100,perspective_severe,3,28.079679866194287,14.381984151520314,15.231788079470197,4.342674519405299,29.359823399558497,6.294294670809384,88.52097130242824,15.35129240681123,17.333333333333332,23.18045153428495
main,yolo,rf100,combined_severe,3,33.65719688352958,16.32577582839683,12.582781456953642,1.7521531861354898,27.593818984547458,7.647023432975174,81.23620309050773,16.940357653818694,28.333333333333332,25.579940057266228
main,yolo,rf100,perspective_pair,3,20.762286019056727,7.392945339773886,23.730684326710815,2.696863514982475,43.04635761589404,3.1587390775395536,94.26048565121414,7.675646203405607,17.333333333333332,23.18045153428495
main,yolo,rf100,projective_three,3,25.060589640547676,9.989990925195839,20.01471670345843,2.121197248771092,37.89551140544518,4.096295999916635,89.91905813097867,10.592193321872909,45.666666666666664,47.982635748084256
main,vdn,rf100,all_conditions,3,19.6971484028564,6.631543319335245,28.145695364238406,2.5861753893730626,52.281089036055924,6.340897095627477,94.8859455481972,5.41889025614404,46.333333333333336,49.09514572066502
main,vdn,rf100,clean,3,14.526357766534417,3.7251872094904934,34.43708609271523,3.311258278145697,60.70640176600441,7.956212490481282,100.0,0.0,0.0,0.0
main,vdn,rf100,blur_moderate,3,14.686606509811034,2.707487229657773,32.45033112582781,1.1470535149462806,57.61589403973509,4.1357602638399955,99.77924944812362,0.3823511716487643,0.3333333333333333,0.5773502691896258
main,vdn,rf100,blur_severe,3,17.098595364097935,4.134073022893031,28.69757174392936,5.632384468950587,52.317880794701985,7.637458671967415,99.77924944812362,0.3823511716487643,0.3333333333333333,0.5773502691896258
main,vdn,rf100,perspective_moderate,3,11.988823453141478,4.690879085583841,35.54083885209713,2.325751380320691,66.66666666666667,6.43214228888895,100.0,0.0,0.0,0.0
main,vdn,rf100,perspective_severe,3,25.52629144413147,13.61237044235335,19.867549668874172,1.752153186135491,42.3841059602649,6.721120241782926,88.52097130242824,15.35129240681123,17.333333333333332,23.18045153428495
main,vdn,rf100,combined_severe,3,34.35621587942205,16.656031596480805,17.880794701986755,3.3112582781456963,33.99558498896247,9.136513062505463,81.23620309050773,16.940357653818694,28.333333333333332,25.579940057266228
main,vdn,rf100,perspective_pair,3,18.757557448636472,7.283858574330234,27.70419426048565,1.8828611599593814,54.52538631346579,5.632384468950584,94.26048565121414,7.675646203405607,17.333333333333332,23.18045153428495
main,vdn,rf100,projective_three,3,23.957110258898336,10.40359738601576,24.42972774098602,2.1778732283956925,47.682119205298015,6.692055801864956,89.91905813097867,10.592193321872909,45.666666666666664,47.982635748084256
main,deeplab,rf100,all_conditions,3,30.404008264419744,2.697911717859538,25.680647534952172,0.38762523005344784,45.805739514348794,1.699205774651288,85.54083885209712,2.6513051102570273,131.0,24.020824298928627
main,deeplab,rf100,clean,3,16.624770385671194,4.716339457013744,40.618101545253865,3.3332602363226282,66.66666666666667,2.9862581144522453,94.03973509933775,3.973509933774835,9.0,6.0
main,deeplab,rf100,blur_moderate,3,17.051864510648105,4.62576552587913,36.865342163355415,1.6666301181613121,64.0176600441501,5.352916403082625,93.81898454746137,3.991863426054112,9.333333333333334,6.027713773341708
main,deeplab,rf100,blur_severe,3,18.27872077131017,3.3780175286887197,36.42384105960265,2.886688042079915,62.251655629139066,3.3112582781456936,93.15673289183223,3.6473977134345077,10.333333333333334,5.507570547286102
main,deeplab,rf100,perspective_moderate,3,22.711996501634413,5.126462237253,25.38631346578366,4.9705652314338655,51.434878587196465,5.632384468950584,93.15673289183223,2.676458201541309,10.333333333333334,4.041451884327381
main,deeplab,rf100,perspective_severe,3,51.689375433383454,9.083480435944573,7.2847682119205315,4.635761589403974,16.335540838852097,6.499969918028899,72.62693156732892,6.6665204726452565,41.333333333333336,10.066445913694334
main,deeplab,rf100,combined_severe,3,56.067321983871125,11.139621447374859,7.50551876379691,4.046424454707143,14.128035320088301,6.153359763693755,66.44591611479028,12.983060443737406,50.666666666666664,19.604421270043485
main,deeplab,rf100,perspective_pair,3,37.20068596750894,5.715371592364525,16.335540838852097,3.076679881846878,33.88520971302429,4.372031417293236,82.89183222958057,2.39542322452657,51.666666666666664,7.234178138070235
main,deeplab,rf100,projective_three,3,43.48956463962967,7.41472877064348,13.392200147167037,2.9146876115288256,27.29948491537895,4.579354785136602,77.40986019131714,5.745171831035509,102.33333333333333,26.025628394590846
main,geoprr,rf100,all_conditions,3,3.2052538478979025,0.2535438839599393,55.99705665930832,0.555543372720434,85.13612950699043,0.2297644591022274,100.0,0.0,0.0,0.0
main,geoprr,rf100,clean,3,3.321807616063589,0.524456924330333,58.05739514348786,1.5294046865950368,84.32671081677704,3.0588093731900656,100.0,0.0,0.0,0.0
main,geoprr,rf100,blur_moderate,3,3.182953247318318,0.4743552443504572,59.161147902869764,1.666630118161316,85.6512141280353,1.9117558582437888,100.0,0.0,0.0,0.0
main,geoprr,rf100,blur_severe,3,2.9578690462521515,0.43761765650443246,61.36865342163355,2.6764582015413136,87.41721854304636,1.7521531861354864,100.0,0.0,0.0,0.0
main,geoprr,rf100,perspective_moderate,3,3.0738095234167386,0.25944946067956387,54.74613686534216,1.911755858243797,85.8719646799117,2.0232122273535715,100.0,0.0,0.0,0.0
main,geoprr,rf100,perspective_severe,3,3.2765645040432116,0.33629051347057254,52.31788079470198,0.6622516556291416,83.6644591611479,2.1288412275922624,100.0,0.0,0.0,0.0
main,geoprr,rf100,combined_severe,3,3.4185191502934074,0.08610758683191252,50.33112582781456,2.2941070298925488,83.88520971302428,2.128841227592265,100.0,0.0,0.0,0.0
main,geoprr,rf100,perspective_pair,3,3.175187013729975,0.24835845710979465,53.53200883002207,0.6892933773066667,84.7682119205298,1.4433440210399628,100.0,0.0,0.0,0.0
main,geoprr,rf100,projective_three,3,3.2562977259177863,0.19395545717932205,52.46504782928624,1.1328038497675241,84.4738778513613,0.8921527338471053,100.0,0.0,0.0,0.0
main,resnet18,syncg,all_conditions,3,2.4913783675129566,0.05643429379941222,70.53472222222223,0.12912185602640688,85.91805555555554,0.20688384645961647,100.0,0.0,0.0,0.0
main,resnet18,syncg,clean,3,0.6153662492897615,0.004392118811636295,95.30833333333334,0.3625718319634487,99.0,0.024999999999991473,100.0,0.0,0.0,0.0
main,resnet18,syncg,blur_moderate,3,0.619421384740809,0.004286699864689726,95.375,0.238484800354237,98.95833333333333,0.038188130791299596,100.0,0.0,0.0,0.0
main,resnet18,syncg,blur_severe,3,0.6429980760420161,0.004839076287167745,95.00833333333333,0.20816659994661738,98.85000000000001,0.04330127018922358,100.0,0.0,0.0,0.0
main,resnet18,syncg,perspective_moderate,3,1.728771564825639,0.04537766034401033,75.03333333333335,1.855116797760551,95.65833333333335,0.5033222956847172,100.0,0.0,0.0,0.0
main,resnet18,syncg,perspective_severe,3,5.5147286003612725,0.19553972006982714,32.01666666666667,1.1700249285093591,62.275,0.7628073151196176,100.0,0.0,0.0,0.0
main,resnet18,syncg,combined_severe,3,5.826984329818242,0.1757274665417607,30.46666666666667,1.1446433214470513,60.76666666666667,0.6345930454498645,100.0,0.0,0.0,0.0
main,resnet18,syncg,perspective_pair,3,3.621750082593456,0.08364650392393264,53.525,0.35729014819890886,78.96666666666667,0.4062660253249505,100.0,0.0,0.0,0.0
main,resnet18,syncg,projective_three,3,4.356828165001718,0.11014417913305513,45.838888888888896,0.15122952876462653,72.89999999999999,0.3826987501068269,100.0,0.0,0.0,0.0
main,efficientnet_b0,syncg,all_conditions,3,1.659496387984105,0.0626782890086807,76.14166666666667,1.4586130684089338,93.95555555555556,0.5912312560649616,100.0,0.0,0.0,0.0
main,efficientnet_b0,syncg,clean,3,0.6176217156104666,0.02782551167676368,96.28333333333335,0.4389855730355308,99.47500000000001,0.02499999999999858,100.0,0.0,0.0,0.0
main,efficientnet_b0,syncg,blur_moderate,3,0.6171220319525542,0.032425449788562835,96.26666666666667,0.41558192132639077,99.41666666666667,0.06291528696058883,100.0,0.0,0.0,0.0
main,efficientnet_b0,syncg,blur_severe,3,0.637514297257325,0.031368095794036134,96.04166666666667,0.3625718319634487,99.38333333333333,0.10103629710818286,100.0,0.0,0.0,0.0
main,efficientnet_b0,syncg,perspective_moderate,3,1.44478799829397,0.02816429080907818,78.89166666666667,1.725241528984656,98.03333333333335,0.29615592739861174,100.0,0.0,0.0,0.0
main,efficientnet_b0,syncg,perspective_severe,3,3.212432652609549,0.1795589480239078,45.324999999999996,4.738736645984877,84.61666666666666,1.9276496915501335,100.0,0.0,0.0,0.0
main,efficientnet_b0,syncg,combined_severe,3,3.4274996321807656,0.1670836984188818,44.041666666666664,3.713601127387452,82.80833333333334,1.8695476279927492,100.0,0.0,0.0,0.0
main,efficientnet_b0,syncg,perspective_pair,3,2.3286103254517596,0.10285613343919157,62.10833333333334,3.1457643480294823,91.325,0.8682777493406127,100.0,0.0,0.0,0.0
main,efficientnet_b0,syncg,projective_three,3,2.694906761028095,0.12339298205877558,56.08611111111111,3.3194014409115873,88.4861111111111,1.1972866700879792,100.0,0.0,0.0,0.0
main,mobilenet_v3_large,syncg,all_conditions,3,2.333959102021563,0.18636474657957747,70.70416666666667,1.0584727598447352,88.09861111111111,0.9543607274758044,100.0,0.0,0.0,0.0
main,mobilenet_v3_large,syncg,clean,3,0.6918110633423074,0.016931633220191256,94.8,0.259807621135325,99.20833333333333,0.07216878364870322,100.0,0.0,0.0,0.0
main,mobilenet_v3_large,syncg,blur_moderate,3,0.691066751307435,0.015313044038178071,94.68333333333334,0.2753785273643058,99.15000000000002,0.07499999999999574,100.0,0.0,0.0,0.0
main,mobilenet_v3_large,syncg,blur_severe,3,0.7158032053280442,0.01677150760090917,94.39166666666667,0.37527767497326003,99.03333333333335,0.014433756729752131,100.0,0.0,0.0,0.0
main,mobilenet_v3_large,syncg,perspective_moderate,3,1.7295277741404147,0.07580731681974526,73.30833333333334,1.324370919845848,95.80833333333334,0.4404070087241288,100.0,0.0,0.0,0.0
main,mobilenet_v3_large,syncg,perspective_severe,3,4.929386369891964,0.5118986414820272,34.175,2.3351927115336757,68.75833333333334,3.3875076875681556,100.0,0.0,0.0,0.0
main,mobilenet_v3_large,syncg,combined_severe,3,5.246159448119209,0.5034177315496258,32.86666666666667,1.9375134408135906,66.63333333333334,2.074598354702262,100.0,0.0,0.0,0.0
main,mobilenet_v3_large,syncg,perspective_pair,3,3.3294570720161896,0.29305411955427996,53.74166666666667,1.800014467534448,82.28333333333333,1.884572785363659,100.0,0.0,0.0,0.0
main,mobilenet_v3_large,syncg,projective_three,3,3.9683578640505295,0.362708339394619,46.78333333333333,1.8458474416315622,77.06666666666666,1.94166666666667,100.0,0.0,0.0,0.0
main,yolo,syncg,all_conditions,3,5.747765564792487,2.1935561361112645,68.09722222222223,1.1894087972757812,82.24305555555556,2.2216045148429022,97.63333333333333,2.663331247391765,568.0,639.1994993740217
main,yolo,syncg,clean,3,0.5126651848584896,0.01192413968783112,97.90833333333332,0.11273124382056962,99.7,0.02499999999999858,99.99166666666667,0.01443375672973572,0.3333333333333333,0.5773502691896258
main,yolo,syncg,blur_moderate,3,0.5294451618141235,0.011321542076514151,97.81666666666666,0.25658007197234345,99.70833333333333,0.05204164998664922,99.98333333333335,0.014433756729735722,0.6666666666666666,0.5773502691896258
main,yolo,syncg,blur_severe,3,0.6562547661609558,0.031312266606051846,96.60000000000001,0.3929058411375408,99.46666666666665,0.15275252316519375,99.95,0.0,2.0,0.0
main,yolo,syncg,perspective_moderate,3,1.653125742211085,0.09843349240487065,72.375,1.5686379442050973,96.63333333333333,1.1811893723418516,99.97500000000001,0.02499999999999858,1.0,1.0
main,yolo,syncg,perspective_severe,3,13.265875789622358,5.085542737060152,23.808333333333334,2.8431203515386616,52.43333333333334,5.772636601530824,94.84166666666665,6.338588828227722,206.33333333333334,253.54355312910903
main,yolo,syncg,combined_severe,3,17.869226744087904,8.27781690737591,20.075,3.897675589373749,45.51666666666667,8.821753416035461,91.05833333333334,9.678724519963014,357.6666666666667,387.14898079852065
main,yolo,syncg,perspective_pair,3,7.459500765916721,2.4935550579086048,48.09166666666667,1.5212214116733114,74.53333333333335,2.418171227050169,97.40833333333335,3.172054079509581,207.33333333333334,253.76432636076595
main,yolo,syncg,projective_three,3,10.929409425307115,4.389378683917673,38.75277777777777,2.229977785971405,64.86111111111111,4.512208234129733,95.29166666666667,5.3291715532946045,565.0,639.5005863953527
main,vdn,syncg,all_conditions,3,5.0128777196393175,2.5265897649245055,66.45833333333333,1.068886037475986,83.36944444444445,2.6872717387990672,97.63333333333333,2.663331247391765,568.0,639.1994993740217
main,vdn,syncg,clean,3,0.9476681806384114,0.0767015124302159,90.14999999999999,1.6448784149595934,99.00833333333334,0.4018187817080317,99.99166666666667,0.01443375672973572,0.3333333333333333,0.5773502691896258
main,vdn,syncg,blur_moderate,3,0.9636657653232965,0.06631089419410448,89.98333333333333,1.6098007123036493,98.85833333333335,0.4010403138505377,99.98333333333335,0.014433756729735722,0.6666666666666666,0.5773502691896258
main,vdn,syncg,blur_severe,3,1.253738632745379,0.13913384975516976,87.06666666666668,1.5939991635296804,97.96666666666665,0.364291549906573,99.95,0.0,2.0,0.0
main,vdn,syncg,perspective_moderate,3,1.3085470357547673,0.023480104666686877,82.05833333333334,1.3967223537028883,98.26666666666665,0.18085445345175147,99.97500000000001,0.02499999999999858,1.0,1.0
main,vdn,syncg,perspective_severe,3,10.463477234898612,6.067087224124316,25.958333333333332,2.773573206773768,55.675000000000004,6.403661062236198,94.84166666666665,6.338588828227722,206.33333333333334,253.54355312910903
main,vdn,syncg,combined_severe,3,15.14016946847544,9.141961101652322,23.533333333333335,3.774448083274338,50.44166666666666,9.233577764514322,91.05833333333334,9.678724519963014,357.6666666666667,387.14898079852065
main,vdn,syncg,perspective_pair,3,5.88601213532669,3.0451235503016494,54.008333333333326,2.0633079225683533,76.97083333333335,3.1999104805186884,97.40833333333335,3.172054079509581,207.33333333333334,253.76432636076595
main,vdn,syncg,projective_three,3,8.970731246376273,5.053507506133852,43.85,2.204462015498967,68.12777777777778,5.1398925446326595,95.29166666666667,5.3291715532946045,565.0,639.5005863953527
main,deeplab,syncg,all_conditions,3,10.275702103896574,2.6382454271303732,68.13055555555555,1.1427027942233812,80.02499999999999,2.455079060731945,94.95555555555556,2.6919063790748123,1210.6666666666667,646.0575309779566
main,deeplab,syncg,clean,3,0.4593967051458005,0.00959336059053731,98.64999999999999,0.16393596310755154,99.78333333333335,0.02886751345947965,99.94166666666666,0.02886751345948785,2.3333333333333335,1.1547005383792515
main,deeplab,syncg,blur_moderate,3,0.45839549115289574,0.012992172468284048,98.58333333333333,0.24022558842333108,99.80833333333334,0.03818813079130114,99.93333333333334,0.03818813079130114,2.6666666666666665,1.5275252316519468
main,deeplab,syncg,blur_severe,3,0.5747547965343403,0.03266971400892902,97.48333333333333,0.3642915499065704,99.7,0.07500000000000284,99.90833333333335,0.014433756729735722,3.6666666666666665,0.5773502691896258
main,deeplab,syncg,perspective_moderate,3,1.9284211216895184,0.18210246192440016,69.51666666666667,3.006486044094219,96.69166666666666,0.9207107761579266,99.77499999999999,0.09013878188660447,9.0,3.605551275463989
main,deeplab,syncg,perspective_severe,3,25.97911630314168,6.045480181034415,23.974999999999998,3.41842434463599,44.69166666666666,5.925070323070712,87.95833333333333,6.577486855428395,481.6666666666667,263.0994742171358
main,deeplab,syncg,combined_severe,3,32.25412820571521,10.060667563636741,20.575,5.031711935315852,39.475,9.380531701348279,82.21666666666667,9.881970113966814,711.3333333333334,395.2788045586727
main,deeplab,syncg,perspective_pair,3,13.953768712415595,3.0492640347791107,46.74583333333334,1.0973215496532152,70.69166666666666,2.6151700868840875,93.86666666666667,3.32862427788618,490.6666666666667,266.2899422308949
main,deeplab,syncg,projective_three,3,20.053888543515473,5.2643868258279705,38.02222222222222,2.1755639966922837,60.286111111111104,4.866961558797723,89.98333333333333,5.378203179914683,1202.0,645.3843815897624
main,geoprr,syncg,all_conditions,3,0.7406831818034855,0.022028431893608643,93.95555555555556,0.2739985975903655,98.89722222222223,0.04376653126830484,100.0,0.0,0.0,0.0
main,geoprr,syncg,clean,3,0.5943754074958534,0.024763403755960218,96.39166666666667,0.4064582799419045,99.45,0.025000000000005684,100.0,0.0,0.0,0.0
main,geoprr,syncg,blur_moderate,3,0.5937024102234544,0.028747112713228357,96.375,0.3881043674065032,99.40000000000002,0.06614378277661638,100.0,0.0,0.0,0.0
main,geoprr,syncg,blur_severe,3,0.6138011081496481,0.027861928322815557,96.03333333333335,0.31457643480294795,99.36666666666667,0.11547005383792679,100.0,0.0,0.0,0.0
main,geoprr,syncg,perspective_moderate,3,0.7384504876386807,0.015831263562920646,94.14999999999999,0.4589389937671422,99.23333333333335,0.10408329997330869,100.0,0.0,0.0,0.0
main,geoprr,syncg,perspective_severe,3,0.8787467073481025,0.017550546921229676,91.57499999999999,0.30413812651491007,98.29166666666667,0.10408329997330641,100.0,0.0,0.0,0.0
main,geoprr,syncg,combined_severe,3,1.0250229699651738,0.019423858082664402,89.20833333333333,0.4612031367340595,97.64166666666667,0.11273124382057698,100.0,0.0,0.0,0.0
main,geoprr,syncg,perspective_pair,3,0.8085985974933916,0.016332022074418973,92.86250000000001,0.3506690034776404,98.7625,0.07500000000000284,100.0,0.0,0.0,0.0
main,geoprr,syncg,projective_three,3,0.8807400549839857,0.017038859242074707,91.64444444444445,0.351616636778264,98.38888888888887,0.04276334532872252,100.0,0.0,0.0,0.0
