dataset,method,scope,seed,images,rows,groups,nmae_pct_fs,acc_at_2_pct,acc_at_5_pct,coverage_pct,failures
syncg,shared_full,all_conditions,20262020,4000,24000,145,0.755681396661673,93.77499999999999,98.85416666666667,100.0,0
syncg,shared_full,clean,20262020,4000,4000,145,0.6080007952981837,96.475,99.45,100.0,0
syncg,shared_full,blur_moderate,20262020,4000,4000,145,0.6127985680284581,96.35000000000001,99.35000000000001,100.0,0
syncg,shared_full,blur_severe,20262020,4000,4000,145,0.6340069453080623,96.075,99.3,100.0,0
syncg,shared_full,perspective_moderate,20262020,4000,4000,145,0.74405126115501,93.825,99.2,100.0,0
syncg,shared_full,perspective_severe,20262020,4000,4000,145,0.8922225676919188,91.225,98.175,100.0,0
syncg,shared_full,combined_severe,20262020,4000,4000,145,1.0430082424884044,88.7,97.65,100.0,0
syncg,shared_full,perspective_pair,20262020,4000,8000,145,0.8181369144234644,92.525,98.6875,100.0,0
syncg,shared_full,projective_three,20262020,4000,12000,145,0.8930940237784445,91.25,98.34166666666667,100.0,0
syncg,original_geoprr,all_conditions,20262020,4000,24000,145,0.8645094278262597,91.91666666666667,98.51666666666667,100.0,0
syncg,original_geoprr,clean,20262020,4000,4000,145,0.682084631399655,95.25,99.225,100.0,0
syncg,original_geoprr,blur_moderate,20262020,4000,4000,145,0.6808923457048863,95.05,99.25,100.0,0
syncg,original_geoprr,blur_severe,20262020,4000,4000,145,0.7032089062631863,94.475,99.25,100.0,0
syncg,original_geoprr,perspective_moderate,20262020,4000,4000,145,0.8670044840800404,91.4,98.825,100.0,0
syncg,original_geoprr,perspective_severe,20262020,4000,4000,145,1.0432019216306183,88.925,97.8,100.0,0
syncg,original_geoprr,combined_severe,20262020,4000,4000,145,1.2106642778791732,86.4,96.75,100.0,0
syncg,original_geoprr,perspective_pair,20262020,4000,8000,145,0.9551032028553292,90.1625,98.3125,100.0,0
syncg,original_geoprr,projective_three,20262020,4000,12000,145,1.0402902278632773,88.90833333333333,97.79166666666667,100.0,0
syncg,raw_full,all_conditions,20262020,4000,24000,145,1.7189519345904094,76.2375,93.6875,100.0,0
syncg,raw_full,clean,20262020,4000,4000,145,0.638380310157963,96.325,99.45,100.0,0
syncg,raw_full,blur_moderate,20262020,4000,4000,145,0.6442764973042777,96.325,99.35000000000001,100.0,0
syncg,raw_full,blur_severe,20262020,4000,4000,145,0.664851003262519,96.05,99.325,100.0,0
syncg,raw_full,perspective_moderate,20262020,4000,4000,145,1.4530905338964788,79.85,97.875,100.0,0
syncg,raw_full,perspective_severe,20262020,4000,4000,145,3.34060794835474,45.2,83.89999999999999,100.0,0
syncg,raw_full,combined_severe,20262020,4000,4000,145,3.572505314566475,43.675000000000004,82.22500000000001,100.0,0
syncg,raw_full,perspective_pair,20262020,4000,8000,145,2.39684924112561,62.525,90.8875,100.0,0
syncg,raw_full,projective_three,20262020,4000,12000,145,2.7887345989392314,56.24166666666667,88.0,100.0,0
rf100,shared_full,all_conditions,20262020,151,906,35,3.137734249876539,56.5121412803532,85.20971302428256,100.0,0
rf100,shared_full,clean,20262020,151,151,35,3.1827155736089163,58.94039735099338,86.09271523178808,100.0,0
rf100,shared_full,blur_moderate,20262020,151,151,35,3.2157857350259444,58.94039735099338,86.75496688741721,100.0,0
rf100,shared_full,blur_severe,20262020,151,151,35,3.3000414592971823,62.913907284768214,85.43046357615894,100.0,0
rf100,shared_full,perspective_moderate,20262020,151,151,35,2.90127558662268,53.64238410596026,85.43046357615894,100.0,0
rf100,shared_full,perspective_severe,20262020,151,151,35,2.897937436427347,52.980132450331126,86.09271523178808,100.0,0
rf100,shared_full,combined_severe,20262020,151,151,35,3.3286497082771622,51.65562913907284,81.45695364238411,100.0,0
rf100,shared_full,perspective_pair,20262020,151,302,35,2.899606511525013,53.31125827814569,85.76158940397352,100.0,0
rf100,shared_full,projective_three,20262020,151,453,35,3.042620910442396,52.75938189845475,84.32671081677704,100.0,0
rf100,original_geoprr,all_conditions,20262020,151,906,35,5.941206419994907,44.260485651214125,69.5364238410596,100.0,0
rf100,original_geoprr,clean,20262020,151,151,35,6.607079104475375,45.6953642384106,69.5364238410596,100.0,0
rf100,original_geoprr,blur_moderate,20262020,151,151,35,6.39763419277291,48.34437086092716,70.86092715231787,100.0,0
rf100,original_geoprr,blur_severe,20262020,151,151,35,5.91433513404901,48.34437086092716,71.52317880794702,100.0,0
rf100,original_geoprr,perspective_moderate,20262020,151,151,35,5.543776324685965,45.033112582781456,67.54966887417218,100.0,0
rf100,original_geoprr,perspective_severe,20262020,151,151,35,5.813673733606064,40.397350993377486,68.87417218543047,100.0,0
rf100,original_geoprr,combined_severe,20262020,151,151,35,5.370740030380112,37.74834437086093,68.87417218543047,100.0,0
rf100,original_geoprr,perspective_pair,20262020,151,302,35,5.6787250291460145,42.71523178807947,68.21192052980133,100.0,0
rf100,original_geoprr,projective_three,20262020,151,453,35,5.576063362890715,41.05960264900662,68.43267108167771,100.0,0
rf100,raw_full,all_conditions,20262020,151,906,35,4.539475606179529,46.688741721854306,75.16556291390728,100.0,0
rf100,raw_full,clean,20262020,151,151,35,3.2149469044022134,56.95364238410596,85.43046357615894,100.0,0
rf100,raw_full,blur_moderate,20262020,151,151,35,3.2463971147019537,58.27814569536424,86.75496688741721,100.0,0
rf100,raw_full,blur_severe,20262020,151,151,35,3.3340498313959155,61.58940397350994,85.43046357615894,100.0,0
rf100,raw_full,perspective_moderate,20262020,151,151,35,3.438755802627457,50.331125827814574,80.13245033112582,100.0,0
rf100,raw_full,perspective_severe,20262020,151,151,35,6.90446474030465,25.165562913907287,57.615894039735096,100.0,0
rf100,raw_full,combined_severe,20262020,151,151,35,7.0982392436449855,27.81456953642384,55.62913907284768,100.0,0
rf100,raw_full,perspective_pair,20262020,151,302,35,5.171610271466053,37.74834437086093,68.87417218543047,100.0,0
rf100,raw_full,projective_three,20262020,151,453,35,5.81381992885903,34.437086092715234,64.45916114790286,100.0,0
industrial,shared_full,all_conditions,20262020,1395,8370,52,12.551707429968124,22.604540023894863,48.0884109916368,100.0,0
industrial,shared_full,clean,20262020,1395,1395,52,13.027492938306775,23.297491039426525,49.60573476702509,100.0,0
industrial,shared_full,blur_moderate,20262020,1395,1395,52,12.86102458824331,24.372759856630825,49.82078853046595,100.0,0
industrial,shared_full,blur_severe,20262020,1395,1395,52,12.672330784671267,24.229390681003586,49.82078853046595,100.0,0
industrial,shared_full,perspective_moderate,20262020,1395,1395,52,11.674413515053548,22.078853046594983,48.60215053763441,100.0,0
industrial,shared_full,perspective_severe,20262020,1395,1395,52,12.907939204160645,20.28673835125448,44.229390681003586,100.0,0
industrial,shared_full,combined_severe,20262020,1395,1395,52,12.167043549373197,21.36200716845878,46.45161290322581,100.0,0
industrial,shared_full,perspective_pair,20262020,1395,2790,52,12.291176359607096,21.182795698924732,46.415770609319,100.0,0
industrial,shared_full,projective_three,20262020,1395,4185,52,12.249798756195796,21.24253285543608,46.42771804062127,100.0,0
industrial,original_geoprr,all_conditions,20262020,1395,8370,52,11.591215145480657,15.806451612903224,42.89127837514934,100.0,0
industrial,original_geoprr,clean,20262020,1395,1395,52,11.643617925434203,17.491039426523297,45.94982078853047,100.0,0
industrial,original_geoprr,blur_moderate,20262020,1395,1395,52,11.553002442779682,17.77777777777778,45.878136200716845,100.0,0
industrial,original_geoprr,blur_severe,20262020,1395,1395,52,11.616693713075014,17.562724014336915,44.37275985663082,100.0,0
industrial,original_geoprr,perspective_moderate,20262020,1395,1395,52,10.819638881829247,14.767025089605735,44.659498207885306,100.0,0
industrial,original_geoprr,perspective_severe,20262020,1395,1395,52,11.771188055867576,14.551971326164875,40.07168458781362,100.0,0
industrial,original_geoprr,combined_severe,20262020,1395,1395,52,12.143149853898223,12.688172043010754,36.415770609319,100.0,0
industrial,original_geoprr,perspective_pair,20262020,1395,2790,52,11.29541346884841,14.659498207885305,42.365591397849464,100.0,0
industrial,original_geoprr,projective_three,20262020,1395,4185,52,11.577992263865015,14.002389486260455,40.38231780167264,100.0,0
industrial,raw_full,all_conditions,20262020,1395,8370,52,14.642355797008802,15.746714456391874,37.013142174432495,100.0,0
industrial,raw_full,clean,20262020,1395,1395,52,13.07679639147539,22.365591397849464,49.31899641577061,100.0,0
industrial,raw_full,blur_moderate,20262020,1395,1395,52,12.911160575894542,23.225806451612904,49.82078853046595,100.0,0
industrial,raw_full,blur_severe,20262020,1395,1395,52,12.728269081392293,22.65232974910394,49.749103942652326,100.0,0
industrial,raw_full,perspective_moderate,20262020,1395,1395,52,12.606928100528966,12.544802867383511,37.70609318996416,100.0,0
industrial,raw_full,perspective_severe,20262020,1395,1395,52,18.29197886489056,7.4551971326164885,18.42293906810036,100.0,0
industrial,raw_full,combined_severe,20262020,1395,1395,52,18.23900176787106,6.236559139784946,17.060931899641577,100.0,0
industrial,raw_full,perspective_pair,20262020,1395,2790,52,15.449453482709764,10.0,28.064516129032256,100.0,0
industrial,raw_full,projective_three,20262020,1395,4185,52,16.37930291109686,8.745519713261649,24.396654719235364,100.0,0
syncg,shared_full,all_conditions,20262021,4000,24000,145,0.7509757009158884,93.82083333333333,98.89583333333334,100.0,0
syncg,shared_full,clean,20262021,4000,4000,145,0.6093339738018463,95.95,99.425,100.0,0
syncg,shared_full,blur_moderate,20262021,4000,4000,145,0.6076681369925543,96.0,99.375,100.0,0
syncg,shared_full,blur_severe,20262021,4000,4000,145,0.6253795215962056,95.7,99.3,100.0,0
syncg,shared_full,perspective_moderate,20262021,4000,4000,145,0.7507200181998893,93.95,99.15,100.0,0
syncg,shared_full,perspective_severe,20262021,4000,4000,145,0.8851168887194241,91.725,98.375,100.0,0
syncg,shared_full,combined_severe,20262021,4000,4000,145,1.027635666185411,89.60000000000001,97.75,100.0,0
syncg,shared_full,perspective_pair,20262021,4000,8000,145,0.8179184534596567,92.83749999999999,98.7625,100.0,0
syncg,shared_full,projective_three,20262021,4000,12000,145,0.8878241910349081,91.75833333333333,98.425,100.0,0
syncg,original_geoprr,all_conditions,20262021,4000,24000,145,0.9172509161403233,91.25416666666666,98.23333333333333,100.0,0
syncg,original_geoprr,clean,20262021,4000,4000,145,0.7083343833520145,94.175,99.02499999999999,100.0,0
syncg,original_geoprr,blur_moderate,20262021,4000,4000,145,0.7133889837063769,94.39999999999999,99.02499999999999,100.0,0
syncg,original_geoprr,blur_severe,20262021,4000,4000,145,0.7345690659579842,94.175,99.05000000000001,100.0,0
syncg,original_geoprr,perspective_moderate,20262021,4000,4000,145,0.9093627078654964,91.57499999999999,98.45,100.0,0
syncg,original_geoprr,perspective_severe,20262021,4000,4000,145,1.1172282926054755,87.75,97.39999999999999,100.0,0
syncg,original_geoprr,combined_severe,20262021,4000,4000,145,1.3206220633545922,85.45,96.45,100.0,0
syncg,original_geoprr,perspective_pair,20262021,4000,8000,145,1.013295500235486,89.6625,97.925,100.0,0
syncg,original_geoprr,projective_three,20262021,4000,12000,145,1.115737687941855,88.25833333333334,97.43333333333334,100.0,0
syncg,raw_full,all_conditions,20262021,4000,24000,145,1.594028631519724,77.55,94.63333333333334,100.0,0
syncg,raw_full,clean,20262021,4000,4000,145,0.6284808190388239,95.825,99.5,100.0,0
syncg,raw_full,blur_moderate,20262021,4000,4000,145,0.6258693609204774,95.825,99.425,100.0,0
syncg,raw_full,blur_severe,20262021,4000,4000,145,0.64442471516878,95.675,99.325,100.0,0
syncg,raw_full,perspective_moderate,20262021,4000,4000,145,1.413405715019452,79.925,97.85000000000001,100.0,0
syncg,raw_full,perspective_severe,20262021,4000,4000,145,3.007207709928221,50.125,86.8,100.0,0
syncg,raw_full,combined_severe,20262021,4000,4000,145,3.24478346904259,47.925000000000004,84.89999999999999,100.0,0
syncg,raw_full,perspective_pair,20262021,4000,8000,145,2.2103067124738365,65.025,92.325,100.0,0
syncg,raw_full,projective_three,20262021,4000,12000,145,2.5551322979967543,59.325,89.85,100.0,0
rf100,shared_full,all_conditions,20262021,151,906,35,2.9923046503037463,56.07064017660044,85.32008830022076,100.0,0
rf100,shared_full,clean,20262021,151,151,35,2.8809174333708145,58.94039735099338,86.09271523178808,100.0,0
rf100,shared_full,blur_moderate,20262021,151,151,35,2.6930347134426103,60.9271523178808,86.75496688741721,100.0,0
rf100,shared_full,blur_severe,20262021,151,151,35,2.4647615002230174,62.913907284768214,88.0794701986755,100.0,0
rf100,shared_full,perspective_moderate,20262021,151,151,35,2.9479726183515553,53.64238410596026,84.10596026490066,100.0,0
rf100,shared_full,perspective_severe,20262021,151,151,35,3.5405269976681426,52.317880794701985,82.11920529801324,100.0,0
rf100,shared_full,combined_severe,20262021,151,151,35,3.4266146387663383,47.682119205298015,84.76821192052981,100.0,0
rf100,shared_full,perspective_pair,20262021,151,302,35,3.244249808009849,52.980132450331126,83.11258278145695,100.0,0
rf100,shared_full,projective_three,20262021,151,453,35,3.3050380849286785,51.21412803532009,83.6644591611479,100.0,0
rf100,original_geoprr,all_conditions,20262021,151,906,35,6.90779940999867,41.94260485651214,73.39955849889624,100.0,0
rf100,original_geoprr,clean,20262021,151,151,35,7.444375290962224,47.019867549668874,73.50993377483444,100.0,0
rf100,original_geoprr,blur_moderate,20262021,151,151,35,7.222576423454741,47.019867549668874,73.50993377483444,100.0,0
rf100,original_geoprr,blur_severe,20262021,151,151,35,6.969259813084556,48.34437086092716,77.48344370860927,100.0,0
rf100,original_geoprr,perspective_moderate,20262021,151,151,35,6.866975034432857,37.086092715231786,71.52317880794702,100.0,0
rf100,original_geoprr,perspective_severe,20262021,151,151,35,6.965242182962185,35.099337748344375,70.19867549668875,100.0,0
rf100,original_geoprr,combined_severe,20262021,151,151,35,5.9783677150954535,37.086092715231786,74.17218543046357,100.0,0
rf100,original_geoprr,perspective_pair,20262021,151,302,35,6.916108608697521,36.092715231788084,70.86092715231787,100.0,0
rf100,original_geoprr,projective_three,20262021,151,453,35,6.603528310830166,36.423841059602644,71.96467991169978,100.0,0
rf100,raw_full,all_conditions,20262021,151,906,35,4.084788264404997,46.688741721854306,76.60044150110376,100.0,0
rf100,raw_full,clean,20262021,151,151,35,2.852594085217365,59.60264900662252,86.09271523178808,100.0,0
rf100,raw_full,blur_moderate,20262021,151,151,35,2.6634365808173452,60.9271523178808,86.75496688741721,100.0,0
rf100,raw_full,blur_severe,20262021,151,151,35,2.432912001271878,62.913907284768214,88.0794701986755,100.0,0
rf100,raw_full,perspective_moderate,20262021,151,151,35,3.8995817560921977,43.70860927152318,78.80794701986756,100.0,0
rf100,raw_full,perspective_severe,20262021,151,151,35,6.390243459025697,27.1523178807947,60.9271523178808,100.0,0
rf100,raw_full,combined_severe,20262021,151,151,35,6.269961704005501,25.82781456953642,58.94039735099338,100.0,0
rf100,raw_full,perspective_pair,20262021,151,302,35,5.144912607558948,35.430463576158935,69.86754966887418,100.0,0
rf100,raw_full,projective_three,20262021,151,453,35,5.519928973041132,32.22958057395143,66.22516556291392,100.0,0
industrial,shared_full,all_conditions,20262021,1395,8370,52,9.772491878873073,22.508960573476703,52.795698924731184,100.0,0
industrial,shared_full,clean,20262021,1395,1395,52,9.915666664277104,20.78853046594982,53.18996415770609,100.0,0
industrial,shared_full,blur_moderate,20262021,1395,1395,52,9.889505057890712,21.7921146953405,53.62007168458781,100.0,0
industrial,shared_full,blur_severe,20262021,1395,1395,52,9.857206308734085,21.648745519713263,53.76344086021505,100.0,0
industrial,shared_full,perspective_moderate,20262021,1395,1395,52,9.09432273429132,25.23297491039427,55.770609318996414,100.0,0
industrial,shared_full,perspective_severe,20262021,1395,1395,52,10.45953261179145,21.72043010752688,49.24731182795699,100.0,0
industrial,shared_full,combined_severe,20262021,1395,1395,52,9.418717896253764,23.870967741935484,51.182795698924735,100.0,0
industrial,shared_full,perspective_pair,20262021,1395,2790,52,9.776927673041385,23.476702508960575,52.508960573476706,100.0,0
industrial,shared_full,projective_three,20262021,1395,4185,52,9.657524414112178,23.608124253285542,52.06690561529271,100.0,0
industrial,original_geoprr,all_conditions,20262021,1395,8370,52,9.987374078613332,15.591397849462366,44.91039426523297,100.0,0
industrial,original_geoprr,clean,20262021,1395,1395,52,9.839218044496423,16.129032258064516,48.24372759856631,100.0,0
industrial,original_geoprr,blur_moderate,20262021,1395,1395,52,9.882815864808244,15.985663082437277,46.88172043010753,100.0,0
industrial,original_geoprr,blur_severe,20262021,1395,1395,52,9.919406546700742,15.053763440860216,44.659498207885306,100.0,0
industrial,original_geoprr,perspective_moderate,20262021,1395,1395,52,9.016294618220455,17.20430107526882,46.738351254480285,100.0,0
industrial,original_geoprr,perspective_severe,20262021,1395,1395,52,10.648385134273997,15.268817204301074,43.44086021505376,100.0,0
industrial,original_geoprr,combined_severe,20262021,1395,1395,52,10.61812426318013,13.906810035842293,39.49820788530466,100.0,0
industrial,original_geoprr,perspective_pair,20262021,1395,2790,52,9.832339876247225,16.236559139784944,45.08960573476703,100.0,0
industrial,original_geoprr,projective_three,20262021,1395,4185,52,10.094268005224858,15.459976105137397,43.225806451612904,100.0,0
industrial,raw_full,all_conditions,20262021,1395,8370,52,10.95933608425083,16.85782556750299,45.30465949820788,100.0,0
industrial,raw_full,clean,20262021,1395,1395,52,9.8223354235587,21.21863799283154,54.19354838709678,100.0,0
industrial,raw_full,blur_moderate,20262021,1395,1395,52,9.800933668367842,22.00716845878136,54.26523297491039,100.0,0
industrial,raw_full,blur_severe,20262021,1395,1395,52,9.77319296427445,21.863799283154123,54.40860215053763,100.0,0
industrial,raw_full,perspective_moderate,20262021,1395,1395,52,9.834744938210525,15.770609318996415,49.46236559139785,100.0,0
industrial,raw_full,perspective_severe,20262021,1395,1395,52,13.630488045969743,10.03584229390681,28.817204301075268,100.0,0
industrial,raw_full,combined_severe,20262021,1395,1395,52,12.894321465123726,10.25089605734767,30.681003584229387,100.0,0
industrial,raw_full,perspective_pair,20262021,1395,2790,52,11.732616492090136,12.903225806451612,39.13978494623656,100.0,0
industrial,raw_full,projective_three,20262021,1395,4185,52,12.11985148310133,12.019115890083631,36.32019115890084,100.0,0
syncg,shared_full,all_conditions,20262022,4000,24000,145,0.7153924478328951,94.27083333333334,98.94166666666668,100.0,0
syncg,shared_full,clean,20262022,4000,4000,145,0.5657914533875301,96.75,99.47500000000001,100.0,0
syncg,shared_full,blur_moderate,20262022,4000,4000,145,0.5606405256493507,96.775,99.47500000000001,100.0,0
syncg,shared_full,blur_severe,20262022,4000,4000,145,0.5820168575446764,96.325,99.5,100.0,0
syncg,shared_full,perspective_moderate,20262022,4000,4000,145,0.7205801835611427,94.675,99.35000000000001,100.0,0
syncg,shared_full,perspective_severe,20262022,4000,4000,145,0.8589006656329645,91.77499999999999,98.32499999999999,100.0,0
syncg,shared_full,combined_severe,20262022,4000,4000,145,1.0044250012217064,89.325,97.52499999999999,100.0,0
syncg,shared_full,perspective_pair,20262022,4000,8000,145,0.7897404245970536,93.22500000000001,98.8375,100.0,0
syncg,shared_full,projective_three,20262022,4000,12000,145,0.8613019501386046,91.925,98.4,100.0,0
syncg,original_geoprr,all_conditions,20262022,4000,24000,145,0.8360626551997695,92.57916666666667,98.69583333333334,100.0,0
syncg,original_geoprr,clean,20262022,4000,4000,145,0.6506459121073779,95.6,99.45,100.0,0
syncg,original_geoprr,blur_moderate,20262022,4000,4000,145,0.651714767690083,95.6,99.45,100.0,0
syncg,original_geoprr,blur_severe,20262022,4000,4000,145,0.6770757546967994,95.19999999999999,99.375,100.0,0
syncg,original_geoprr,perspective_moderate,20262022,4000,4000,145,0.8383661452425485,92.72500000000001,98.925,100.0,0
syncg,original_geoprr,perspective_severe,20262022,4000,4000,145,1.0064994702801364,89.45,98.05,100.0,0
syncg,original_geoprr,combined_severe,20262022,4000,4000,145,1.192073881181672,86.9,96.925,100.0,0
syncg,original_geoprr,perspective_pair,20262022,4000,8000,145,0.9224328077613425,91.0875,98.4875,100.0,0
syncg,original_geoprr,projective_three,20262022,4000,12000,145,1.0123131655681188,89.69166666666666,97.96666666666667,100.0,0
syncg,raw_full,all_conditions,20262022,4000,24000,145,1.665508597842182,74.6375,93.54583333333333,100.0,0
syncg,raw_full,clean,20262022,4000,4000,145,0.5860040176346127,96.7,99.47500000000001,100.0,0
syncg,raw_full,blur_moderate,20262022,4000,4000,145,0.5812202376329078,96.65,99.47500000000001,100.0,0
syncg,raw_full,blur_severe,20262022,4000,4000,145,0.6032671733406764,96.39999999999999,99.5,100.0,0
syncg,raw_full,perspective_moderate,20262022,4000,4000,145,1.4678677459659795,76.9,98.375,100.0,0
syncg,raw_full,perspective_severe,20262022,4000,4000,145,3.289482299545685,40.65,83.15,100.0,0
syncg,raw_full,combined_severe,20262022,4000,4000,145,3.4652101129332307,40.525,81.3,100.0,0
syncg,raw_full,perspective_pair,20262022,4000,8000,145,2.3786750227558326,58.775,90.7625,100.0,0
syncg,raw_full,projective_three,20262022,4000,12000,145,2.7408533861482987,52.69166666666667,87.60833333333333,100.0,0
rf100,shared_full,all_conditions,20262022,151,906,35,3.4857226435134234,55.40838852097131,84.87858719646799,100.0,0
rf100,shared_full,clean,20262022,151,151,35,3.901789841211037,56.29139072847682,80.79470198675497,100.0,0
rf100,shared_full,blur_moderate,20262022,151,151,35,3.6400392934863994,57.615894039735096,83.44370860927152,100.0,0
rf100,shared_full,blur_severe,20262022,151,151,35,3.1088041792362553,58.27814569536424,88.74172185430463,100.0,0
rf100,shared_full,perspective_moderate,20262022,151,151,35,3.3721803652759808,56.95364238410596,88.0794701986755,100.0,0
rf100,shared_full,perspective_severe,20262022,151,151,35,3.3912290780341454,51.65562913907284,82.78145695364239,100.0,0
rf100,shared_full,combined_severe,20262022,151,151,35,3.5002931038367215,51.65562913907284,85.43046357615894,100.0,0
rf100,shared_full,perspective_pair,20262022,151,302,35,3.3817047216550633,54.3046357615894,85.43046357615894,100.0,0
rf100,shared_full,projective_three,20262022,151,453,35,3.4212341823822836,53.42163355408388,85.43046357615894,100.0,0
rf100,original_geoprr,all_conditions,20262022,151,906,35,4.211340842453792,48.34437086092716,78.03532008830022,100.0,0
rf100,original_geoprr,clean,20262022,151,151,35,4.1055948337025105,52.980132450331126,78.80794701986756,100.0,0
rf100,original_geoprr,blur_moderate,20262022,151,151,35,3.9818049765838954,53.64238410596026,77.48344370860927,100.0,0
rf100,original_geoprr,blur_severe,20262022,151,151,35,3.6570566007385543,53.64238410596026,82.11920529801324,100.0,0
rf100,original_geoprr,perspective_moderate,20262022,151,151,35,3.75236504417756,45.033112582781456,78.80794701986756,100.0,0
rf100,original_geoprr,perspective_severe,20262022,151,151,35,4.717543413901632,48.34437086092716,76.82119205298014,100.0,0
rf100,original_geoprr,combined_severe,20262022,151,151,35,5.053680185618601,36.423841059602644,74.17218543046357,100.0,0
rf100,original_geoprr,perspective_pair,20262022,151,302,35,4.234954229039597,46.688741721854306,77.81456953642383,100.0,0
rf100,original_geoprr,projective_three,20262022,151,453,35,4.507862881232599,43.26710816777042,76.60044150110376,100.0,0
rf100,raw_full,all_conditions,20262022,151,906,35,5.19289926256683,42.27373068432671,71.30242825607064,100.0,0
rf100,raw_full,clean,20262022,151,151,35,3.876418904080851,57.615894039735096,80.79470198675497,100.0,0
rf100,raw_full,blur_moderate,20262022,151,151,35,3.6110826382639316,57.615894039735096,83.44370860927152,100.0,0
rf100,raw_full,blur_severe,20262022,151,151,35,3.0759272731700507,59.60264900662252,88.74172185430463,100.0,0
rf100,raw_full,perspective_moderate,20262022,151,151,35,4.46281930595693,40.397350993377486,80.13245033112582,100.0,0
rf100,raw_full,perspective_severe,20262022,151,151,35,7.911821475321496,20.52980132450331,46.35761589403973,100.0,0
rf100,raw_full,combined_severe,20262022,151,151,35,8.219325978607724,17.880794701986755,48.34437086092716,100.0,0
rf100,raw_full,perspective_pair,20262022,151,302,35,6.187320390639211,30.4635761589404,63.24503311258278,100.0,0
rf100,raw_full,projective_three,20262022,151,453,35,6.864655586628716,26.269315673289185,58.27814569536424,100.0,0
industrial,shared_full,all_conditions,20262022,1395,8370,52,12.5463106109509,27.084826762246117,54.5400238948626,100.0,0
industrial,shared_full,clean,20262022,1395,1395,52,13.788853514137875,26.093189964157702,53.333333333333336,100.0,0
industrial,shared_full,blur_moderate,20262022,1395,1395,52,13.847438412213178,25.949820788530463,53.118279569892465,100.0,0
industrial,shared_full,blur_severe,20262022,1395,1395,52,14.432414512495948,24.874551971326163,51.971326164874554,100.0,0
industrial,shared_full,perspective_moderate,20262022,1395,1395,52,10.755478284993245,27.025089605734763,56.344086021505376,100.0,0
industrial,shared_full,perspective_severe,20262022,1395,1395,52,11.444294003364423,29.89247311827957,55.6989247311828,100.0,0
industrial,shared_full,combined_severe,20262022,1395,1395,52,11.009384938500736,28.673835125448026,56.774193548387096,100.0,0
industrial,shared_full,perspective_pair,20262022,1395,2790,52,11.099886144178834,28.45878136200717,56.02150537634408,100.0,0
industrial,shared_full,projective_three,20262022,1395,4185,52,11.069719075619467,28.530465949820787,56.272401433691755,100.0,0
industrial,original_geoprr,all_conditions,20262022,1395,8370,52,10.973608960116579,20.39426523297491,48.817204301075265,100.0,0
industrial,original_geoprr,clean,20262022,1395,1395,52,11.369581209688915,21.0752688172043,48.67383512544803,100.0,0
industrial,original_geoprr,blur_moderate,20262022,1395,1395,52,11.165672963661816,21.36200716845878,49.53405017921147,100.0,0
industrial,original_geoprr,blur_severe,20262022,1395,1395,52,10.937468681843193,21.433691756272403,49.96415770609319,100.0,0
industrial,original_geoprr,perspective_moderate,20262022,1395,1395,52,10.18583978731501,20.7168458781362,49.89247311827957,100.0,0
industrial,original_geoprr,perspective_severe,20262022,1395,1395,52,11.174938857033226,19.56989247311828,47.598566308243726,100.0,0
industrial,original_geoprr,combined_severe,20262022,1395,1395,52,11.008152261157313,18.2078853046595,47.24014336917563,100.0,0
industrial,original_geoprr,perspective_pair,20262022,1395,2790,52,10.680389322174118,20.14336917562724,48.74551971326165,100.0,0
industrial,original_geoprr,projective_three,20262022,1395,4185,52,10.789643635168517,19.498207885304662,48.24372759856631,100.0,0
industrial,raw_full,all_conditions,20262022,1395,8370,52,15.472376831722565,18.410991636798087,41.887694145758665,100.0,0
industrial,raw_full,clean,20262022,1395,1395,52,13.788515346073495,26.16487455197133,53.47670250896057,100.0,0
industrial,raw_full,blur_moderate,20262022,1395,1395,52,13.849216111676729,26.523297491039425,53.26164874551972,100.0,0
industrial,raw_full,blur_severe,20262022,1395,1395,52,14.432688692753675,25.734767025089607,52.1146953405018,100.0,0
industrial,raw_full,perspective_moderate,20262022,1395,1395,52,12.0674346052201,15.698924731182796,47.45519713261649,100.0,0
industrial,raw_full,perspective_severe,20262022,1395,1395,52,19.407390678113007,8.172043010752688,22.00716845878136,100.0,0
industrial,raw_full,combined_severe,20262022,1395,1395,52,19.28901555649838,8.172043010752688,23.010752688172044,100.0,0
industrial,raw_full,perspective_pair,20262022,1395,2790,52,15.737412641666554,11.935483870967742,34.73118279569892,100.0,0
industrial,raw_full,projective_three,20262022,1395,4185,52,16.921280279943833,10.68100358422939,30.824372759856633,100.0,0
